university_id;vuzopedia_id;vuzopedia_city_id;vuzopedia_city;region_code;correction;name
d7471402-f7b4-4943-929b-a4c0104f0f80;7239;40;Краснодар;01;name;Майкопский государственный технологический университет - филиал в поселке Яблоновском
45f72e18-6c49-44fc-81b1-7dc9a1f998ba;4177;1;Майкоп;01;;Майкопский филиал Российского государственного социального университета
a5f9fd35-0af7-4e7a-9f06-f9e1aeddc4ce;4692;809;Мелеуз;02;;Башкирский институт технологий и управления (филиал МГУТУ)
694322cc-d8d9-41f2-83ba-1cb63abe48df;6965;8;Уфа;02;;Башкирский институт физической культуры (филиал) Уральского государственного университета физической культуры
2121a3b1-0fe0-4282-96c0-11ffbbf8ea16;4389;8;Уфа;02;;Башкирский кооперативный институт (филиал) Российского университета кооперации
33a93223-7351-4a5d-bcdf-138ad09f001d;4637;8;Уфа;02;;Белебеевский филиал Самарского государственного архитектурно-строительного университета
455f085c-a4e2-4c7f-9475-223ab36414e7;7039;812;Бирск;02;;Бирский филиал Уфимского университета науки и технологий
3c01fd3b-c35a-4c10-9170-74a90f9ecbd1;6989;672;Салават;02;;Институт нефтепереработки и нефтехимии "Уфимский государственный нефтяной технический университет", филиал в г. Салавате
634f9887-f1fd-463d-ac02-ccb2f01e091a;5076;8;Уфа;02;;Кумертауский филиал Оренбургского государственного университета
0056403f-f36a-449b-bb8e-b8419e946918;7063;698;Нефтекамск;02;;Нефтекамский филиал Уфимского университета науки и технологий
865eb1e8-6902-4ccb-a139-646b0d0614fa;6593;792;Сибай;02;;Сибайский институт филиал Уфимского университета науки и технологий
f4ad092e-e38d-4f5c-be96-3255f510e261;4980;9;Стерлитамак;02;;Стерлитамакский филиал Московского психолого-социального университета
fbab02f4-83dd-45ad-8de8-03d537171e0f;7046;9;Стерлитамак;02;;Стерлитамакский филиал Уфимского университета науки и технологий
0031f0b1-4ab3-4418-84d9-b34c53f645fe;6987;815;Октябрьский;02;;Уфимский государственный нефтяной технический университет, филиал в г. Октябрьском
a687ad6b-8c0c-4d4e-8c00-0c629e5a7585;6995;9;Стерлитамак;02;;Уфимский государственный нефтяной технический университет, филиал в г. Стерлитамаке
0013a8dd-bd9b-42ca-9fe8-7f3ec3d9ac29;5132;8;Уфа;02;;Уфимский институт (филиал) Российского экономического университета им. Г.В. Плеханова
6db7efb8-e553-4470-98a7-931d13b1f40a;4645;8;Уфа;02;;Уфимский институт путей сообщения Самарского государственного университета путей сообщения
f726046f-9b04-4788-9aec-97300b18dff6;11581;8;Уфа;02;;Уфимский филиал Волжского государственного университета водного транспорта
82b4276f-f4be-4651-9410-547d33c8b10b;7250;10;Белорецк;02;;Филиал Магнитогорского государственного технического университета им. Г.И. Носова в г. Белорецк
8ebda584-66a3-46c0-98c0-5da7860efefb;4831;10;Белорецк;02;;Филиал МИЭП в г. Белорецке
22b53c2d-bd6c-4a97-a98c-35cd48ff784a;4887;8;Уфа;02;;Филиал МИЭП в г. Уфе
f4ba6363-b9ae-4693-80df-70d30f746d5d;9099;8;Уфа;02;;Филиал Московского международного университета информационных технологий «Академия ТОП Уфа»
9438e7a9-4c1f-4eeb-8898-4e818e01fb8d;7225;814;Белебей;02;;Филиал Самарского государственного технического университета в г. Белебее Республики Башкортостан
b24d163d-4e8e-4a26-a5ac-a8f62c110f7a;6693;810;Ишимбай;02;;Филиал Уфимского Университета Науки и Технологий в г. Ишимбае
81105f71-41ee-4841-89dc-d267c0ceef4d;6692;682;Кумертау;02;;Филиал Уфимского университета науки и технологий Филиал в г. Кумертау
3a8f5be5-9b62-4a13-a728-b72f403d2b75;4751;14;Улан-Удэ;03;;Байкальский филиал ГИ
01c84b09-341e-447a-bfd2-0f662c0b6bab;5054;14;Улан-Удэ;03;;Бурятский институт инфокоммуникаций (филиал СибГУТИ)
730f7b19-eb8e-42e6-941c-b9787e66c20c;4375;14;Улан-Удэ;03;;Бурятский филиал Академии труда и социальных отношений
12c5c9c3-62ee-4210-9609-c9cdaa6c5b92;9091;14;Улан-Удэ;03;;Филиал Московского международного университета информационных технологий «Академия ТОП Улан-Удэ»
93e17605-f7bd-4d54-b93a-329741bdc8cc;5020;20;Махачкала;05;;Дагестанский государственный педагогический университет Филиал в г. Дербент
ef943549-88fa-4bd9-bb5f-6fe2238c2035;6464;709;Дербент;05;;Дагестанский государственный технический университет Филиал в г. Дербенте
9d25c799-ea36-484f-87c2-1385fd63ee60;6466;783;Кизляр;05;;Дагестанский государственный технический университет Филиал в г. Кизляр
3e420d90-a747-4c13-9071-af5868add3d9;6462;679;Каспийск;05;;Дагестанский государственный технический университет Филиал в г.Каспийске
a25e83d3-4353-43bc-b8f5-3d521384692d;7330;1124;Буйнакск;05;city;Дагестанский гуманитарный институт (филиал) Академии труда и социальных отношений
d0ca2b2b-91c4-4dd9-898c-60770bcd9b52;7221;20;Махачкала;05;;Дагестанский филиал Российского государственного педагогического университета им. А. И. Герцена
2c129bb8-30ab-4f2a-bf71-113c04e3a6d6;5022;20;Махачкала;05;;Дербентский филиал Дагестанского государственного университета
1fd4999c-fd98-4a3c-a271-0ad879eabe0a;7011;709;Дербент;05;;Дербентский филиал Московского педагогического государственного университета
7ede8187-d71a-4321-b542-45200dd3d9ca;5024;20;Махачкала;05;;Избербашский филиал Дагестанского государственного университета
eab3e09b-5a45-4d2a-a5f9-3dc9740d2402;5030;20;Махачкала;05;;Кизлярский филиал Дагестанского государственного университета
acba9044-26d4-4741-a2f1-9aaf027e91fc;3913;20;Махачкала;05;;Махачкалинский филиал Российского государственного университета туризма и сервиса
d547d572-5081-4add-bd8e-8c43174b0d8f;4653;20;Махачкала;05;;Махачкалинский филиал Южного федерального университета
e74aeeb3-ba52-450e-8728-3307a563e269;7172;783;Кизляр;05;;Санкт-Петербургский государственный экономический университет - филиал в г. Кизляре
30fc0cf1-bd21-4f36-8d2e-02c8fa6eca68;3977;20;Махачкала;05;;Северо-Кавказский институт (филиал) Всероссийского государственного университета юстиции
2d3c9997-5f5d-47d2-86c9-d7f0a615f307;5026;20;Махачкала;05;;Филиал в г. Каспийск Дагестанского государственного университета
cdcfd7af-53fb-4234-b01a-b6cd5a510437;5028;20;Махачкала;05;;Филиал в г. Кизилюрт Дагестанского государственного университета
0ba326e1-a8a2-4d08-86d1-5fb25b0dee5f;4659;20;Махачкала;05;;Филиал в г. Кизляре Южного федерального университета
4961d14b-b55d-4138-9624-a912aa6160dd;4928;131;Грозный;05;name;Филиал СПбГЭУ в г. Кизляр
01319bba-d622-4799-9c30-2122f88e2698;5032;20;Махачкала;05;;Хасавюртовский филиал Дагестанского государственного университета
079bf57a-c190-4e11-adb5-7334fa500937;8921;602;Нальчик;07;;Филиал Московского международного университета информационных технологий «Академия ТОП Нальчик»
efd6ddfa-9d19-4b01-9cb0-e632f1d5489c;4536;595;Душанбе;08;name;Калмыцкий филиал Московского государственного гуманитарно-экономического университета
62062470-1539-4abc-ab1f-f25232d663fc;4179;595;Душанбе;08;name;Калмыцкий филиал Московской академии экономики и права
77d71361-167b-4cef-a4d1-1de87dd583b3;7480;684;Элиста;08;;Московский финансово-промышленный университет «Синергия» Калмыцкий филиал
1e36892a-103f-46f1-9379-489dd6bd4f0c;4151;31;Черкесск;09;;Карачаево-Черкесский филиал Российского государственного социального университета
e4cc8281-0751-4c6d-8ca2-4e7c34368915;7481;31;Черкесск;09;;Московский финансово-промышленный университет «Синергия» Карачаево-Черкесский филиал
90cc9276-55ca-43ce-81f9-a80888e5705e;4665;93;Кисловодск;09;name;Филиал в с. Учкекен Южного федерального университета
be939b32-9b93-42e7-a906-62dd9dd06331;6932;31;Черкесск;09;;Филиал Института деловой карьеры в Карачаево-Черкесской Республике
52af6507-c00f-4d1d-b235-dca4f0afda73;6793;31;Черкесск;09;;Филиал Ростовский государственный экономический университет (РИНХ) в г. Черкесске
c3440eb5-9502-47e3-a00e-ef5131c5b721;4815;31;Черкесск;09;;Черкесский филиал МИГУП
760d9cae-0da7-42b5-b94f-e3acbfe00099;4124;33;Петрозаводск;10;;Карельский институт туризма (филиал) Российской международной академии туризма
2b4cc4d3-70c9-4f8d-89ee-11cfadf3dfb5;4275;30;Петропавловск-Камчатский;10;name;Карельский филиал Российской академии народного хозяйства и государственной службы при Президенте РФ
bed37687-2049-4aa6-a2ba-dd115171736e;5068;33;Петрозаводск;10;;Петрозаводский филиал Петербургского государственного университета путей сообщения
d3f1c40f-aad7-4567-81b4-2685b6d541b9;3975;33;Петрозаводск;10;;Северный институт (филиал) Всероссийского государственного университета юстиции
db4d1fef-9a43-44b4-93f7-eb1408d9a791;8925;33;Петрозаводск;10;;Филиал Московского международного университета информационных технологий «Академия ТОП Петрозаводск»
b08a99e7-47e3-4c70-a3f9-48a321edac1c;4759;134;Салехард;11;name;Воркутинский филиал УРИО
f6e317c8-ca49-4307-a896-2a0aa4efd006;6525;728;Воркута;11;;Воркутинский филиал Ухтинского государственного технического университета
4e28a4a0-58bd-4f55-a052-7271c8bdbcb9;7272;37;Сыктывкар;11;;Сыктывкарский лесной институт (филиал) СПбГЛТУ
7e74b91d-c7f0-4b93-b6b6-27543ceefaa8;4104;38;Ухта;11;;Ухтинский филиал Московского государственного университета путей сообщения Императора Николая II
4e4fe8f3-c170-441e-9957-a0c708f1670e;9079;37;Сыктывкар;11;;Филиал Московского международного университета информационных технологий «Академия ТОП Сыктывкар»
709503f2-7a1c-4c2d-8c58-e99d6eebdcf7;6527;791;Усинск;11;;Филиал Ухтинского государственного технического университета в г. Усинске
78aaec85-c80f-43e5-83a0-4bade6438472;6668;813;Рузаевка;13;;Рузаевский институт машиностроения (филиал) Мордовского государственного университета им. Н.П.Огарева
829e08ce-cfe0-4e15-9f18-4f1c88f4116e;4309;58;Саранск;13;;Саранский филиал Российской академии народного хозяйства и государственной службы при Президенте РФ
32770383-7521-4616-95c6-4197d12b9587;3979;58;Саранск;13;;Средне-Волжский институт (филиал) Всероссийского государственного университета юстиции (РПА Минюста России)
9242d10f-8c55-48fd-8bfb-4c0ba298ebda;4649;58;Саранск;13;;Филиал в г. Рузаевке Самарского государственного университета путей сообщения
11d74be3-b56b-4dca-bf2a-cfe6164a0fb5;6494;87;Якутск;14;;Октёмский филиал Арктического государственного агротехнологического университета
bc25d702-2b34-4302-bb42-0745a8457d54;7242;1082;Мирный;14;;Политехнический институт (филиал) Северо-Восточного федерального университета имени М.К.Аммосова в г. Мирном
c7eb0b09-d3b9-4f71-8264-3f18549c15c4;6936;87;Якутск;14;;Филиал Института деловой карьеры в Республике Саха (Якутия)
178d6d7f-f2c1-4251-8f5a-9b1830b1b2bc;5086;87;Якутск;14;;Якутский институт водного транспорта (филиал) Сибирского государственного университета водного транспорта
92bdd75e-6d5f-48c6-9aa5-794b6cefee93;4918;87;Якутск;14;;Якутский институт экономики (филиал САУ)
0d2c2243-c8da-416b-a6f5-991cb688b7c1;7467;87;Якутск;14;;Якутский филиал Института государственного администрирования
8c8f5fe3-9f74-4a3b-b802-a3c558137692;4817;87;Якутск;14;;Якутский филиал МИГУП
894836d6-1b37-4c53-85fb-521ef64ea40d;4706;87;Якутск;14;;Якутский филиал Санкт-Петербургского Гуманитарного Университета Профсоюзов
9c29fbd6-00fd-48b6-991a-f98701d2da1b;7340;87;Якутск;14;;Якутский экономико-правовой институт (филиал) Академии труда и социальных отношений
8f47804e-443f-4674-b6f0-57314838d7b2;4181;595;Душанбе;15;name;Моздокский филиал Московской академии экономики и права
97f693f4-f3fa-4f8f-a113-ae99c8e83035;8965;89;Владикавказ;15;;Филиал Московского международного университета информационных технологий «Академия ТОП Владикавказ»
0222b572-97bd-44d7-a771-cceeebdae157;5064;100;Альметьевск;16;;Альметьевский филиал "ТИСБИ"
f35032e3-96f1-4ecc-8368-9e6adae25ac2;7003;100;Альметьевск;16;;Альметьевский филиал Казанского национального исследовательского технического университета им. А.Н.Туполева-КАИ
b7c83f2e-1513-4e61-a568-9b5a3f08a2d7;5060;8;Уфа;16;name;Бугульминский филиал КНИТУ
3c540815-248d-4daf-abc9-c13334a9f7a2;5058;102;Елабуга;16;;Елабужский институт КФУ (филиал)
32bcbc87-5656-4713-b026-50362cd0f110;7165;994;Зеленодольск;16;city;Зеленодольский институт машиностроения и информационных технологий (филиал) Казанского национального исследовательского технического университета им. А.Н.Туполева-КАИ
b88d950f-75d2-42ca-b8f0-078cc9cbdabf;7068;98;Казань;16;;Институт морского и речного флота имени Героя Советского Союза М.П. Девятаева Казанский филиал Волжского государственного университета водного транспорта
bdbd4ca7-c325-4824-be7f-42bb25a4dfe0;4499;100;Альметьевск;16;;ИЭУП. Альметьевский филиал
e8f0ae6b-12ac-4b44-bcd9-a21035689856;4502;98;Казань;16;;ИЭУП. Бугульминский филиал
e4accb22-7e50-44b7-8f64-fc8c0652688f;4504;98;Казань;16;;ИЭУП. Зеленодольский филиал
5c1d9a4e-dec7-448c-a157-7291a6e550ac;4625;98;Казань;16;;ИЭУП. Чистопольский филиал
db6f0acf-5b96-4eea-9623-c57843de99f3;3965;98;Казань;16;;Казанский институт (филиал) Всероссийского государственного университета юстиции (РПА Минюста России)
11adb1e0-b0a5-419e-87d3-56f546019515;4401;98;Казань;16;;Казанский кооперативный институт Российского университета кооперации
bd158f59-da78-4e33-8999-6d7a50f86625;7324;98;Казань;16;;Казанский филиал Академии труда и социальных отношений
d5ce9a8a-edf0-43d0-8074-1b0867738a5a;4004;98;Казань;16;;Казанский филиал Московского государственного университета путей сообщения Императора Николая II
bf2e3ea4-0673-4637-b94d-86ea35d5f371;4573;98;Казань;16;;Казанский филиал Московской академии предпринимательства при Правительстве Москвы
f0e22085-bfca-48d6-875a-4ec27ec4bdaf;4641;98;Казань;16;;Казанский филиал Поволжского государственного университета телекоммуникаций и информатики
9044f08f-c5ed-4655-8789-e49c55e70560;4735;98;Казань;16;;Казанский филиал Российского государственного университета правосудия
f9c4943e-f20b-4a05-b9a0-0e606e25568e;4117;98;Казань;16;;Казанский филиал Российской международной академии туризма
2099fac3-e37d-4a78-8f69-18980af3ba7b;5555;607;Лениногорск;16;;Лениногорский филиал Казанского национального исследовательского технического университета им. А.Н. Туполева-КАИ
a797e3ff-765e-4d1e-bc86-ca6a8e1ece62;5056;99;Набережные Челны;16;;Набережночелнинский институт КФУ (филиал)
7d18b9b5-d06c-4394-9aff-3e66bb8066a9;6683;99;Набережные Челны;16;;Набережночелнинский филиал "Университет управления "ТИСБИ"
71494b48-9de8-4dd5-a99c-ffe49d3286fa;4506;99;Набережные Челны;16;;Набережночелнинский филиал Казанского инновационного университета имени В.Г. Тимирясова (ИЭУП)
baf21a41-80e0-460d-b511-4f734f92b3e4;7013;99;Набережные Челны;16;;Набережночелнинский филиал Казанского национального исследовательского технического университета им. А.Н. Туполева-КАИ
f504e6fb-3e07-4595-ab37-59baf8da5fcc;4621;101;Нижнекамск;16;;Нижнекамский филиал Казанского инновационного университета имени В.Г. Тимирясова (ИЭУП)
627ba548-c473-408f-9500-dd51b35f29ec;4581;101;Нижнекамск;16;;Нижнекамский филиал Московского гуманитарно-экономического университета
c1e21e04-4341-40bf-b2e8-40333f2fa6bd;5062;101;Нижнекамск;16;;Нижнекамский химико-технологический институт (филиал КНИТУ)
9af4fabc-79bd-44e4-bce3-ab042df30c85;8997;98;Казань;16;;Филиал Московского международного университета информационных технологий «Академия ТОП Казань»
b921cde0-e58e-4865-b300-66586225a5c1;7015;729;Чистополь;16;;Чистопольский филиал «Восток» Казанского национального исследовательского технического университета им. А.Н. Туполева-КАИ
adb7a8d9-56f9-4478-9e50-39ecc0ae2f61;6951;733;Воткинск;18;;Воткинский филиал Ижевского государственного технического университета имени М.Т. Калашникова
0765ab83-ba21-4e34-ae83-b691fd20209e;6957;707;Глазов;18;;Глазовский инженерно-экономический институт (филиал) Ижевского государственного технического университета имени М.Т. Калашникова
be40830c-8068-402e-a2a7-5e3bea425c8c;3961;117;Ижевск;18;;Ижевский институт (филиал) Всероссийского государственного университета юстиции (РПА Минюста России)
a2cd3f26-82a7-42a5-a065-285b19d3af90;4002;117;Ижевск;18;;Ижевский филиал Московского государственного университета путей сообщения Императора Николая II
af8320f7-d2bf-4c9a-b918-3069aad2455f;4271;117;Ижевск;18;;Ижевский филиал Российской академии народного хозяйства и государственной службы при Президенте РФ
e9b0fbf6-3d5c-4f4c-93f8-385b8cb1fd37;6947;642;Сарапул;18;;Сарапульский политехнический институт Ижевский государственный технический университет имени М.Т. Калашникова
06e8b9b0-02e2-406e-9cd4-9384ea29db16;6687;733;Воткинск;18;;Удмуртский государственный университет филиал в городе Воткинске
cbf2b931-df31-4f85-b37e-e2cf270d9b34;6689;822;Можга;18;city;Удмуртский государственный университет филиал в городе Можге
f8ccf193-f242-4487-8e6c-f9e56476dbd8;8989;117;Ижевск;18;;Филиал Московского международного университета информационных технологий «Академия ТОП Ижевск»
3c9d5a68-6084-41b1-b79b-fd5e4aebc7df;8945;126;Абакан;19;;Филиал Московского международного университета информационных технологий «Академия ТОП Абакан»
7f2a07b2-7b24-4c6b-9af3-959837f6ee5a;4532;126;Абакан;19;;Хакасский технический институт Сибирского федерального университета
73a81d7b-ef4b-4258-ab1c-c01c0a668df0;7254;833;Гудермес;20;;Гудермесский филиал Института финансов и права
dd56bcfe-1d0d-4e61-8a73-152226eb598e;7229;756;Алатырь;21;city;Алатырский филиал Чувашского государственного университета имени И.Н. Ульянова
31d8ea9c-fc36-4e44-afb1-24478280a8db;4623;132;Чебоксары;21;;ИЭУП. Новочебоксарский филиал
0ac49c60-1d42-4386-9875-96badd7b4b66;4233;132;Чебоксары;21;;Новочебоксарский филиал Российского государственного университета физической культуры, спорта, молодежи и туризма
506bcee2-ad08-45ab-a6ab-d4b24304a254;9103;132;Чебоксары;21;;Филиал Московского международного университета информационных технологий «Академия ТОП Чебоксары»
14de36fa-7d10-4be8-946d-6a64f8a7d597;4600;132;Чебоксары;21;;Чебоксарский институт (филиал) Московского гуманитарно-экономического университета
229161f9-8648-412b-b3fb-68cbd134396b;6608;132;Чебоксары;21;;Чебоксарский институт (филиал) Московского политехнического университета
d2b6b189-81a4-4ccd-a59a-3a283118e048;4813;132;Чебоксары;21;;Чебоксарский филиал МИГУП
eb882b82-e156-4bfc-9149-24c04f185992;4356;132;Чебоксары;21;;Чебоксарский филиал Российской академии народного хозяйства и государственной службы при Президенте РФ
bae7fd60-99cf-4f5d-8594-1106cfa3d3ee;3199;634;Бийск;22;;Алтайский государственный педагогический университет Бийский филиал им. В. М. Шукшина
c9f8eb28-4df2-4ddf-bfbb-bb3df2a86a39;7160;1195;Белокуриха;22;;Алтайский государственный университет филиал в г. Белокурихе
4eb7d067-a4e7-4c01-8ba2-38e6c44e05c3;7158;634;Бийск;22;;Алтайский государственный университет филиал в г. Бийске
423b77a0-2688-4bb3-a641-68ac205d03b2;4373;2;Барнаул;22;;Алтайский институт труда и права (филиал) Академии труда и социальных отношений
afb9913f-30f2-4002-a293-5dfc21daad22;4900;2;Барнаул;22;;Алтайский институт экономики (филиал СПбУТУиЭ)
8c35e9e0-ad0c-4bfa-abec-67203221d5c0;4043;2;Барнаул;22;;Алтайский филиал РМАТ
18070e58-038f-4f94-a394-fce3fca17454;4245;2;Барнаул;22;;Алтайский филиал Российской академии народного хозяйства и государственной службы при Президенте РФ
671e9c9a-7ad2-4b19-bfff-a7e8228652d1;4055;2;Барнаул;22;;Алтайский филиал Финансового университета при Правительстве Российской Федерации
1e07e72a-fbfc-4b62-9720-43dcb915e529;4569;2;Барнаул;22;;Барнаульский филиал Московской академии предпринимательства при Правительстве Москвы
216aea54-9e78-4983-b444-52468eefb494;6764;634;Бийск;22;;Бийский технологический институт (филиал) Алтайского государственного технического университета им. И.И. Ползунова
bb7bf035-f0c4-4d20-9cea-fb5403075275;6767;652;Рубцовск;22;;Рубцовский индустриальный институт (филиал) Алтайского государственного технического университета имени И.И.Ползунова
7b495cba-d6b0-44a8-b08b-685ec15a5386;6776;652;Рубцовск;22;;Рубцовский институт (филиал) Алтайского государственного университета
94aa29c1-8837-42f7-a89a-69e210fdae44;8953;2;Барнаул;22;;Филиал Московского международного университета информационных технологий «Академия ТОП Барнаул»
d2047957-3e52-4a10-8b9f-1684b79241e7;8957;634;Бийск;22;;Филиал Московского международного университета информационных технологий «Академия ТОП Бийск»
9b379344-7372-404c-a58c-a041c264b763;7213;932;Белореченск;23;;Адыгейский государственный университет - филиал в г. Белореченске
05723e39-5b4c-4eeb-bbd3-9992ac45c378;7006;43;Анапа;23;;Анапский филиал Московского педагогического государственного университета
ac6ed614-8e2d-45f8-90a2-1b65dfc0de65;7082;708;Армавир;23;;Армавирский механико-технологический институт (филиал) Кубанского государственного технологического университета
8e124fe5-9eb5-46d0-9ceb-db5b0e6b7a5d;4962;40;Краснодар;23;;Брюховецкий филиал Краснодарского края Московского психолого-социального университета
ae9f05ad-5bfc-47ab-8c9d-78ea8a9979bd;4540;40;Краснодар;23;;Краснодарский филиал Московского университета имени С.Ю. Витте
bb45442e-9109-4bf5-ae51-f068e1a4167b;6670;708;Армавир;23;;Кубанский государственный университет филиал в г.Армавире
b6f3f27f-4cb2-457e-bbdf-12289f4ff4ab;6672;817;Славянск-на-Кубани;23;;Кубанский государственный университет филиал в г.Славянске-на-Кубани
648674a3-5d6f-45f0-82cc-c2562e6b5591;6677;40;Краснодар;23;;Кубанский государственный университет филиал в г.Тихорецке
ecd7dd43-f20a-4bc7-8568-ff12ebd92e21;4381;40;Краснодар;23;;Кубанский институт социоэкономики и права Академии труда и социальных отношений
2a9cdd88-f1ab-4de7-9c88-55f37fbadab7;7029;1104;Темрюк;23;;Кубанский казачий государственный институт пищевой индустрии и бизнеса (филиал) МГУТУ им. К.Г. Разумовского
c226e974-b2ea-48e2-b7a3-43bc85eba5a5;7080;42;Новороссийск;23;;Новороссийский политехнический институт (филиал) Кубанского государственного технологического университета
c2b2bbe7-1373-4534-9334-fa35a6138980;4584;42;Новороссийск;23;;Новороссийский филиал Московского гуманитарно-экономического института
2956d9ee-dfac-4c69-80ac-9a61357b1b8d;4787;42;Новороссийск;23;;Новороссийский филиал Пятигорского государственного университета
689667ae-2fe0-4c98-a576-94cba5648647;4976;40;Краснодар;23;;Полтавский филиал Краснодарского края Московского психолого-социального университета
cc2b0b91-0251-41fd-b9d4-02750d9eee52;4743;40;Краснодар;23;;Северо-Кавказский филиал РГУП
34e94270-3861-41f8-9a82-f95cdfe029ac;4137;41;Сочи;23;;Сочинский институт курортной рекреации и гостеприимства (филиал) Российской международной академии туризма
7efd856f-bcc6-48a4-8314-bce2bcf5c4fd;4895;41;Сочи;23;;Сочинский филиал Всероссийского государственного университета юстиции (РПА Минюста России)
62becffc-7358-43fe-8cc6-4ee529d0c88f;4321;41;Сочи;23;;Сочинский филиал Московского автомобильно-дорожного государственного технического университета
ce209e62-d59d-4f13-aa5f-cbc58d6b8d77;4243;41;Сочи;23;;Сочинский филиал Российского университета дружбы народов
f689e068-ba06-4a5a-a8db-78c11cf6eb67;4655;44;Геленджик;23;;Филиал в г. Геленджике Южного федерального университета
ae249082-9f17-4439-ba92-8183a470a259;4994;40;Краснодар;23;;Филиал в г. Туапсе Ростовского государственного университета путей сообщения
e1d714be-4caf-46a9-83a6-bae9548deb27;5042;40;Краснодар;23;;Филиал ИВЭСЭП в г. Краснодаре
2b2b3254-102f-4913-bc6e-613ef1eb95e8;8949;43;Анапа;23;;Филиал Московского международного университета информационных технологий «Академия ТОП Анапа»
fb5e793b-2c38-4cc6-97d7-5eebcc209e7b;9005;40;Краснодар;23;;Филиал Московского международного университета информационных технологий «Академия ТОП Краснодар»
76d0c446-4cd4-4bc5-8ded-47cf6c5a6db2;9019;42;Новороссийск;23;;Филиал Московского международного университета информационных технологий «Академия ТОП Новороссийск»
0b5db983-d1b0-4869-bc92-133a27463e51;8937;41;Сочи;23;;Филиал Московского международного университета информационных технологий «Академия ТОП Сочи»
64322fbe-3acb-42be-8ef8-089bcbe2237d;5070;40;Краснодар;23;;Филиал Российского государственного гидрометеорологического университета в г. Туапсе
1d75eb18-2f10-4177-958a-32e3e178e3f1;4130;43;Анапа;23;;Филиал Российского государственного социального университета в г. Анапе Краснодарского края
68f4fff5-a7b0-4316-b9d9-4bde586b9ece;6787;832;Ейск;23;;Филиал Ростовского государственного экономического университета (РИНХ) в г. Ейске
9c182bb9-ec00-40a5-97ed-98c68304f490;6598;43;Анапа;23;;Филиал Сочинского государственного университета в г. Анапе Краснодарского края
895dd770-2e59-490a-afc3-a715505c82b1;7240;748;Ачинск;24;;Ачинский филиал Красноярского государственного аграрного университета
35160fac-f8eb-4752-8b15-780da0b43e7b;4191;46;Железногорск;24;city;Железногорский филиал Сибирского федерального университета
7ea8dcaa-6335-4c41-9da3-23a42d0d93a4;4696;47;Норильск;24;;Заполярный филиал Ленинградского государственного университета имени А. С. Пушкина
d2bd6afc-e9e1-4791-86b8-6fed89bc205a;5080;45;Красноярск;24;;Красноярский институт водного транспорта (филиал) Сибирского государственного университета водного транспорта
ac42712e-a4a0-4b97-90ae-5454713bc123;7154;45;Красноярск;24;;Красноярский институт железнодорожного транспорта  – филиал ИрГУПС
a293b2e2-fc6e-4364-b3f6-b27c3dcef412;4904;45;Красноярск;24;;Красноярский институт экономики (филиал СПбУТУиЭ)
6944f63d-5c36-4a9d-b3a5-a0af88dd0190;7338;45;Красноярск;24;;Красноярский филиал Академии труда и социальных отношений
0b031346-6f4a-48fa-8e7d-46940a67da22;4612;45;Красноярск;24;;Красноярский филиал Санкт-Петербургского Гуманитарного университета профсоюзов
d2164d0c-6316-40eb-8420-f026389e682d;5008;45;Красноярск;24;;Красноярский филиал СПбГУГА
e9095044-231e-400e-9c23-d161d49de05a;4761;45;Красноярск;24;;Красноярский филиал УРИО
51ab237f-e4ca-4c9c-baed-cbf78e931581;4193;45;Красноярск;24;;Лесосибирский педагогический институт Сибирского федерального университета
e63fad21-02b7-43c1-acfb-5e698dd1caff;6127;643;Лесосибирск;24;;Лесосибирский филиал Сибирского государственного университета науки и технологий имени академика М.Ф. Решетнева
5f7bae82-ccb3-42aa-8814-a43ae1e7b57e;5044;45;Красноярск;24;;Филиал ИВЭСЭП в г. Красноярске
51a5b151-a547-4038-8776-e839368cb561;9007;45;Красноярск;24;;Филиал Московского международного университета информационных технологий «Академия ТОП Красноярск»
322cedba-e8c5-46b5-8ba2-323a89648f43;7471;631;Находка;25;city;Владивостокский государственный университет в г. Находке
0b119991-f1ea-487e-b16d-32cdca33083e;5136;76;Владивосток;25;;Владивостокский филиал Санкт-Петербургского Гуманитарного университета профсоюзов
df678470-709e-40a5-877a-55608b23f9b5;5014;76;Владивосток;25;;Дальневосточная пожарно-спасательная академия (филиал СПбУГПС)
7d70b069-01ab-43ec-9186-3c08d590a21e;6361;700;Уссурийск;25;;Приморский институт железнодорожного транспорта (филиал ДВГУПС в г. Уссурийске)
1fc3a503-a615-46c0-be5f-d6e881ebb262;11659;76;Владивосток;25;;Приморский филиал «Центральная музыкальная школа – Академия исполнительного искусства»
11927de8-09aa-433f-91dd-c413d71bc69d;8961;76;Владивосток;25;;Филиал Московского международного университета информационных технологий «Академия ТОП Владивосток»
e29fa519-5871-4a57-9242-393753dce41b;9011;631;Находка;25;city;Филиал Московского международного университета информационных технологий «Академия ТОП Находка»
0a761f1e-11a0-4f74-a384-7decd34fec03;4793;600;Будённовск;26;city;Буденновский филиал Ставропольского государственного педагогического института
7974d665-6ea4-4c54-b7b9-7491bc232bf2;4799;91;Ставрополь;26;;Георгиевский филиал Невинномысского государственного гуманитарно-технического института
2f380659-1a84-490b-8769-7efaed7a9fc0;4241;94;Ессентуки;26;;Ессентукский филиал Российского университета дружбы народов
6d72cdac-4145-48c7-9eea-0c1634c34938;4791;94;Ессентуки;26;;Ессентукский филиал Ставропольского государственного педагогического института
24adee3b-21e0-4ebd-aa8e-b1647b7a05cb;4789;91;Ставрополь;26;;Железноводский филиал Ставропольского государственного педагогического института
4d4e217a-c53d-4265-a985-21a86bd26c6e;3957;93;Кисловодск;26;;Кисловодский филиал Московского государственного института индустрии туризма имени Ю.А.Сенкевича
ab6c4e57-c848-431b-b61e-95ffcad78f5e;4153;93;Кисловодск;26;;Кисловодский филиал Российского государственного социального университета
2f6529d4-6e3b-4fc9-9716-89c836a88ac8;4795;91;Ставрополь;26;;Невинномысский технологический институт (филиал) Северо-Кавказского федерального университета
e552e83a-e894-452d-aab0-c5f8611814c6;4797;92;Пятигорск;26;;Пятигорский институт (филиал) Северо-Кавказского федерального университета
c0d3b1cb-b436-49c1-923e-56f78f8e4c66;7247;92;Пятигорск;26;;Пятигорский медико-фармацевтический институт – филиал Волгоградского государственного медицинского университет
f85f3d19-c975-4697-98d8-e3612e7f3492;4017;92;Пятигорск;26;;Пятигорский филиал Российского экономического университета имени Г.В. Плеханова
9011e49d-2f98-4574-b27f-7164b5c7571e;4315;92;Пятигорск;26;;Северо-Кавказский институт – филиал РАНХиГС
e15069bf-e51d-41fe-ac81-613d085bfb18;7124;1068;Минеральные Воды;26;;Северо-Кавказский филиал Белгородского государственного технологического университета им. В.Г. Шухова
74e1d37f-2725-4dbc-8b44-6a385244e231;4591;91;Ставрополь;26;;Северо-Кавказский филиал Московского гуманитарно-экономического института
6de8734e-61e3-44db-b65f-4e05ba9de332;5518;91;Ставрополь;26;;Ставропольский институт кооперации (филиал) Белгородского университета кооперации, экономики и права
a33df3ff-1ea6-4895-9013-60fe705f9d1c;4595;91;Ставрополь;26;;Ставропольский филиал Московского гуманитарно-экономического университета
a558e8b0-7eda-45c2-a3f9-d3ae05e9ace9;7017;91;Ставрополь;26;;Ставропольский филиал Московского педагогического государственного университета
f7e9170a-ca35-4689-9f27-fb76f4686a12;4207;91;Ставрополь;26;;Ставропольский филиал Российского государственного социального университета
0b7d0287-c36f-463c-ba1b-2d9bc4b22e72;6843;91;Ставрополь;26;;Ставропольский филиал Российского технологического университета МИРЭА
3511ba32-aaa0-4b95-accd-79ae2a67445b;4339;91;Ставрополь;26;;Ставропольский филиал Российской академии народного хозяйства и государственной службы при Президенте РФ
6ad465e7-5dca-4e05-b78d-7cd16c1f16de;4657;91;Ставрополь;26;;Филиал в г. Железноводске Южного федерального университета
784a4987-bd2b-4362-900c-1f121dcd80cc;4992;91;Ставрополь;26;;Филиал в г. Минеральные Воды Ростовского государственного университета путей сообщения
e0dd532f-07ce-4c27-be4e-b1f19a5111d4;9071;91;Ставрополь;26;;Филиал Московского международного университета информационных технологий «Академия ТОП Ставрополь»
4d4f8ec5-32ce-4358-897e-f44dd5d3f7e6;6789;93;Кисловодск;26;;Филиал Ростовского государственного экономического университета (РИНХ) в г. Кисловодске Ставропольского края
7656fff9-8b6c-4228-8079-50a7cf105718;3959;124;Хабаровск;27;;Дальневосточный институт (филиал) Всероссийского государственного университета юстиции (РПА Минюста России)
d241fd86-8750-4730-a5ab-7bc9935cb845;4263;124;Хабаровск;27;;Дальневосточный институт управления - филиал Российской академии народного хозяйства и государственной службы при Президенте РФ
4c3dd25c-1a89-43b6-9244-87fd9139968a;4731;124;Хабаровск;27;;Дальневосточный филиал РГУП
606adc90-7e21-4f9d-808a-a3592b6d70c2;5052;124;Хабаровск;27;;Хабаровский институт инфокоммуникаций (филиал СибГУТИ)
049e02c6-2b7e-464b-bfa3-318abfe11a90;5010;124;Хабаровск;27;;Хабаровский филиал СПбГУГА
fb36a54e-e165-4db5-b4cf-6a153cdbeb2a;6345;741;Свободный;28;;Амурский институт железнодорожного транспорта (филиал ДВГУПС в г. Свободном)
14eb5edd-4892-438d-bf39-35eb336ebd7e;6324;734;Тында;28;;Байкало-Амурский институт железнодорожного транспорта (филиал ДВГУПС в г. Тында)
920669eb-10f5-4899-9475-5e55981897f3;4571;4;Благовещенск;28;;Благовещенский филиал Московской академии предпринимательства при Правительстве Москвы
263bfa6b-4343-4bba-b18a-3485d6136a84;4676;4;Благовещенск;28;;Благовещенский филиал Хабаровского государственного университета экономики и права
9fff0c68-1a09-4892-a40a-6a1b27f5b2e8;4614;5;Архангельск;29;;Котласский филиал ГУМРФ им. Макарова
a768a383-97db-4361-81cc-93fb96614ec4;7073;789;Северодвинск;29;;Северный (Арктический) федеральный университет имени М.В. Ломоносова в г. Северодвинске
bb8de314-89ca-468f-8fe3-352037aa3e7a;4587;5;Архангельск;29;;Северный филиал Московского гуманитарно-экономического университета
3997c117-6500-47de-b6d6-222beeea14a4;7183;1200;Знаменск;30;;Астраханский государственный университет имени В.Н. Татищева - филиал в г. Знаменске
2052e692-33e2-45a3-b747-c2834a80f4ca;7460;7;Астрахань;30;;Астраханский филиал Института социальных и гуманитарных знаний
c5950ad7-3f85-4f70-8d79-963f091db633;4489;7;Астрахань;30;;Астраханский филиал Международного юридического института
9daccae5-9c8c-4a29-bff3-becd583df0df;4247;7;Астрахань;30;;Астраханский филиал Российской академии народного хозяйства и государственной службы при Президенте РФ
cf9ffb1b-eeee-46fd-8276-c253ff6d7973;7233;7;Астрахань;30;;Астраханский филиал Саратовской государственной юридической академии
a401d84c-a8fa-4d78-b93e-ffa37828d064;4757;7;Астрахань;30;;Астраханский филиал УРИО
c59058a4-493d-4a46-bac0-58d9429abc20;3894;7;Астрахань;30;;Ахтубинский филиал «Взлет» Московского авиационного института (национального исследовательского университета)
ca47b6b1-5ed3-4f6a-8097-cdf2c838e249;7072;7;Астрахань;30;;Каспийский институт морского и речного транспорта - филиал Волжского государственного университета водного транспорта
894a0bba-d028-46a4-979f-d90fe21071e3;4239;11;Белгород;31;;Белгородский филиал Российского университета дружбы народов
e9816404-059e-4457-9045-f5f30a3c1fef;6691;830;Губкин;31;;Губкинский филиал Белгородского государственного технологического университета им. В.Г. Шухова
6c2e2ca3-fd86-4126-81a3-6727a42a1d94;3992;11;Белгород;31;;Старооскольский технологический институт им. А.А. Угарова (филиал) Национального исследовательского технологического университета «МИСИС»
28c3f83d-88c2-42ec-b1f0-5c3ff96853ef;7092;12;Старый Оскол;31;;Старооскольский филиал Белгородского государственного национального исследовательского университета
795e54c6-5e12-4bef-8075-e85d8bb6f711;4721;12;Старый Оскол;31;;Старооскольский филиал МГРИ-РГГРУ
16292c20-bb7a-4dd5-ac52-cad96ea65d48;6918;12;Старый Оскол;31;;Филиал Воронежского экономико-правового института в г. Старый Оскол
4820573a-989c-4baa-9577-452e7d9d3b45;9075;12;Старый Оскол;31;;Филиал Московского международного университета информационных технологий «Академия ТОП Старый Оскол»
1bd57c13-a404-41c1-a430-7981dfc56e88;6916;830;Губкин;31;;Филиал Национального исследовательского технологического университета «МИСИС» в г. Губкине
0e5ecdd6-6c79-4a31-91c2-77a2962143a7;3996;13;Брянск;32;;Брянский филиал Московского государственного университета путей сообщения Императора Николая II
b5c531a6-cfd8-46d2-9988-d1ff62d98f28;4964;13;Брянск;32;;Брянский филиал Московского психолого-социального университета
68693445-c0d1-4bbc-aee9-b8e9df28e252;10931;13;Брянск;32;;Брянский филиал Первого Московского государственного медицинского университета имени И.М. Сеченова
78747948-920d-495b-b907-653437417f0d;4143;13;Брянск;32;;Брянский филиал Российского государственного социального университета
73410259-70f7-4ba3-add3-7532ea13fc5e;4391;13;Брянск;32;;Брянский филиал Российского Университета Кооперации
3ad867b7-1fa9-464c-bc67-59e66f286b1c;4251;13;Брянск;32;;Брянский филиал Российской академии народного хозяйства и государственной службы при Президенте РФ
cab62126-3a4f-4635-8a59-544fb0c7d6cf;4057;13;Брянск;32;;Брянский филиал Финансового университета при Правительстве Российской Федерации
1cd2e21c-37de-49fa-a4cb-6118c48232fa;6391;759;Карачев;32;;Карачевский филиал  Орловского государственного университета имени И.С. Тургенева
07e2bf98-5619-410f-94ef-ffc47245c379;5692;617;Новозыбков;32;;Новозыбковский филиал Брянского Государственного Университета
f24d87a3-25bb-4fb0-bcad-9431d5749c7f;10961;15;Владимир;33;;Владимирский филиал Приволжского исследовательского медицинского университета
44ebe0e4-b75f-459a-bb2a-f13781ea7fc6;4051;15;Владимир;33;;Владимирский филиал РМАТ
3a11752d-8f9e-4cea-b98c-f0481f3b6808;4253;15;Владимир;33;;Владимирский филиал Российской академии народного хозяйства и государственной службы при Президенте РФ
f9958682-bf3c-40ee-87e2-48b558d23f45;5000;15;Владимир;33;;Мстёрский институт лаковой миниатюрной живописи имени Ф.А. Модорова филиал Высшей школы народных искусств
7fe579ec-97fe-49cd-95c3-905ecf19b482;7095;722;Муром;33;;Муромский институт (филиал) Владимирского государственного университета имени Александра Григорьевича и Николая Григорьевича Столетовых
57e35633-a977-4139-8d41-99337e1e9ec4;4059;15;Владимир;33;;Муромский филиал Московского государственного университета путей сообщения Императора Николая II
2d346b9e-c9df-422c-ba03-3414169b6ae4;4972;15;Владимир;33;;Муромский филиал Московского психолого-социального университета
937fa133-91f6-4ae6-919e-a4fb598fc72a;7009;1102;Покров;33;;Покровский филиал Московского педагогического государственного университета
8eb368ea-f725-49bc-a5a8-83c5dea1e491;8969;15;Владимир;33;;Филиал Московского международного университета информационных технологий «Академия ТОП Владимир»
8872470f-5380-4bbf-887a-11c4a4ae63c4;4255;16;Волгоград;34;;Волгоградский институт управления (филиал Российской академии народного хозяйства и государственной службы при Президенте Российской Федерации)
83963f31-2875-4d52-ad9a-7966de756e49;4534;16;Волгоград;34;;Волгоградский филиал Московского государственного гуманитарно-экономический института
489ab03c-8ad0-4539-91ea-130ff39e8f7c;3998;16;Волгоград;34;;Волгоградский филиал Московского государственного университета путей сообщения Императора Николая II
1f05b5be-f950-4402-ba6a-1e78d14ec55f;4519;16;Волгоград;34;;Волгоградский филиал Московского гуманитарно-экономического университета
8d64732d-e970-4952-80e5-b6c7caddc436;4334;16;Волгоград;34;;Волгоградский филиал Московского финансово-юридического университета МФЮА
7ba65978-f3a2-4772-8230-6ece64d6eb3a;4777;16;Волгоград;34;;Волгоградский филиал МСИ
4a8b8dd7-898c-421a-a469-c7639ffa82fd;7291;685;Волжский;34;;Волжский филиал Волгоградского государственного университета
2b80a5a8-c20c-4868-9a84-8e720442d0c3;4491;16;Волгоград;34;;Волжский филиал Международного юридического института
1afc3708-531d-4b88-bfd2-3b7c7f15ef30;3984;16;Волгоград;34;;Волжский филиал Национального исследовательского университета «МЭИ»
cc570726-d817-49bc-99cd-1ee12811cb30;6980;892;Михайловка;34;;Себряковский филиал Волгоградского государственного технического университета
a741abcd-058c-4e80-ad0d-fc0648401dad;8973;16;Волгоград;34;;Филиал Московского международного университета информационных технологий «Академия ТОП Волгоград»
364a6fea-2f1c-4a1d-b219-14d1041ae3f6;4713;18;Череповец;35;;ВКА им. Можайского. Череповецкий военный инженерный институт радиоэлектроники
33379cd2-453d-4fa9-8201-1280246b8959;4257;17;Вологда;35;;Вологодский филиал Российской академии народного хозяйства и государственной службы при Президенте РФ
f55b8d11-d1fd-4f34-9430-ac6159845fca;10973;17;Вологда;35;;Вологодский филиал Ярославского государственного медицинского университета
4b91041f-8b73-4303-96dd-b36bac1c001c;7084;17;Вологда;35;;Северо-Западный институт (филиал) Московского государственного юридического университета имени О.Е. Кутафина
a3d55f7b-11b2-4601-8abd-bb9d01c62fdd;4823;17;Вологда;35;;Филиал Института международного права и экономики имени А.С. Грибоедова в Вологде
b94a41de-5cbf-468d-b3b6-615e3be06605;4934;18;Череповец;35;;Филиал СПбГЭУ в г. Череповец
b1438799-7abd-461f-a8ac-da7546db3948;4771;18;Череповец;35;;Череповецкий филиал УРИО
96ebf44a-d98e-4524-93ab-1cde5a1dde8d;4548;19;Воронеж;36;;Воронежский институт (филиал) Московского гуманитарно-экономического университета
e5917eae-e18d-43ff-a0d3-ad5bf8322adf;4608;19;Воронеж;36;;Воронежский филиал ГУМРФ им Макарова
58425534-63f0-499d-b29d-f4112d5c5a90;4145;19;Воронеж;36;;Воронежский филиал Российского государственного социального университета
352634df-2218-4279-9b2b-74e4eb47e337;4259;19;Воронеж;36;;Воронежский филиал Российской академии народного хозяйства и государственной службы при Президенте РФ
8e0b1b02-36c1-4d55-8ef5-d2c275cc8609;4049;19;Воронеж;36;;Воронежский филиал Ростовского государственного университета путей сообщения
87cd67ec-10e1-4b01-8fc7-d7c86f48c351;4183;19;Воронеж;36;;Московская академия экономики и права Воронежский филиал
0b57a66a-21b3-470f-bf68-2ff16673c1f2;7822;1177;Нововоронеж;36;;Нововоронежский политехнический институт НИЯУ МИФИ
0906e454-8d42-4d2b-acad-be3436dcf97b;6614;797;Борисоглебск;36;;Филиал Воронежского государственного технического университета в городе Борисоглебске
70de848d-da98-4709-9b88-405eb001347a;6920;951;Россошь;36;city;Филиал Воронежского экономико-правового института в г. Россошь
08885bc0-a2bf-4302-87f1-69d76d6af100;8977;19;Воронеж;36;;Филиал Московского международного университета информационных технологий «Академия ТОП Воронеж»
92aa820b-4646-4fad-9066-912abd76e4ab;4747;19;Воронеж;36;;Центральный филиал РГУП им. В.М. Лебедева
1a1d182f-0e38-420f-a643-7419707f54d1;7381;23;Иваново;37;;Ивановский филиал Институт управления
d06febda-5b71-4065-a483-63285e9a2fe0;4501;23;Иваново;37;;Ивановский филиал Международного юридического института
71fcb636-1fee-4183-857b-579c93956812;4397;23;Иваново;37;;Ивановский филиал Российского университета кооперации
006dd2f2-c067-472a-9a36-f045ecf486be;4269;23;Иваново;37;;Ивановский филиал Российской академии народного хозяйства и государственной службы при Президенте РФ
43393b58-088f-416c-ad35-4212b9c27325;8985;23;Иваново;37;;Филиал Московского международного университета информационных технологий «Академия ТОП Иваново»
84f9c272-4602-43e7-a09d-892d5da97d69;11391;1085;Южа;37;;Холуйский институт лаковой миниатюрной живописи имени Н.Н. Харламова филиал Российского университета традиционных художественных промыслов
21fbb028-39ec-403a-ab8d-d8dc5854b144;6616;804;Шуя;37;;Шуйский филиал Ивановского государственного университета
f4a5348c-4068-4887-b407-6bf6807568bd;7463;629;Братск;38;;Байкальский государственный университет филиал в г. Братске
571847b7-5229-4438-896a-cb8c319e1472;4729;25;Иркутск;38;;Восточно-Сибирский филиал Российский государственный университет правосудия им. В.М. Лебедева
a121e417-565c-4456-9c9b-9200cbb463df;3963;25;Иркутск;38;;Иркутский институт (филиал) Всероссийского государственного университета юстиции (РПА Минюста России)
a315fda2-4379-4371-b6c2-fdcab11fa9b1;6985;25;Иркутск;38;;Иркутский филиал Всероссийского государственного университета кинематографии имени С.А. Герасимова
7871193c-e177-4a39-a5cb-5ee60a67ed65;4328;25;Иркутск;38;;Иркутский филиал Московского государственного технического университета гражданской авиации
fd90b677-1b08-4cfd-b958-c452971c4588;5084;25;Иркутск;38;;Усть-Кутский институт водного транспорта (филиал) Сибирского государственного университета водного транспорта
17000b06-344c-4d80-aa59-d0f4931fe0f5;6943;764;Усть-Илимск;38;;Филиал Байкальского государственного университета г. Усть-Илимске
0a3b61da-ebe0-4014-92be-806b145aa3ec;8993;25;Иркутск;38;;Филиал Московского международного университета информационных технологий «Академия ТОП Иркутск»
e6f22670-4228-49fc-8e94-7cfd89f0df36;4785;27;Калининград;39;;Балтийская государственная академия рыбопромыслового флота Калининградского государственного технического университета
2edc150b-8ce5-4612-945a-58287dec708c;11651;27;Калининград;39;;Балтийский филиал «Центральная музыкальная школа – Академия исполнительного искусства»
006d640d-d699-47aa-9e30-7796a8fb2ea8;4267;27;Калининград;39;;Западный филиал Российской академии народного хозяйства и государственной службы при Президенте РФ
d1a113dc-8b2e-4c9f-8b29-b2d5a5a1476e;4120;27;Калининград;39;;Калининградский институт туризма (филиал РМАТ)
08f73de2-6ecc-4250-a255-eb44f37e5842;4902;27;Калининград;39;;Калининградский институт экономики (филиал СПбУТУиЭ)
e96528f9-1d18-482a-aa11-8d1bd9c049b6;4006;27;Калининград;39;;Калининградский филиал Московского государственного университета путей сообщения Императора Николая II
1fb025b3-dc53-474a-b021-59719312d500;5563;27;Калининград;39;;Калининградский филиал Московского финансово-юридического университета МФЮА
784a91af-74a7-44be-9dce-8bb9143b8336;4920;27;Калининград;39;;Калининградский филиал СПбГАУ
5450909e-83f5-4485-9a51-9cae3a1533f8;8918;27;Калининград;39;;Филиал Московского международного университета информационных технологий «Академия ТОП Калининград»
253cac02-51fc-44cd-9ec6-259f89bafd5f;7367;27;Калининград;39;;Филиал РГИСИ в Калининграде – «Балтийская Высшая школа музыкального и театрального искусства»
bcf3af6f-1a33-4c71-b64d-c65e08d35fec;7019;942;Черняховск;39;;Черняховский Филиал Московского педагогического государственного университета
b30be88a-55d0-49d6-a065-d7441f4872cd;4984;27;Калининград;39;;Черняховский филиал Московского психолого-социального университета
572c59e3-f464-42da-9f2c-d47ed478b566;7758;29;Обнинск;40;;Инженерно-физический институт биомедицины ИАТЭ НИЯУ МИФИ
0ff525e3-e7b5-47cf-aa9f-3102f0581193;4522;28;Калуга;40;;Калужский (институт) филиал Московского гуманитарно-экономического университета
81b5e4a1-625b-4f6a-aa65-69e7d9fa8fdf;3967;28;Калуга;40;;Калужский институт (филиал) Всероссийского государственного университета юстиции
9a08e9fd-9fd9-41f9-b96a-b2b10e4d8ffc;4122;28;Калуга;40;;Калужский институт туристского бизнеса (филиал РМАТ)
0f774a6f-691e-4f70-a3c8-299c0d098164;4047;28;Калуга;40;;Калужский филиал Московского государственного университета путей сообщения Императора Николая II
f06a795b-2fa2-4693-9dd5-39e63adea7e9;4336;28;Калуга;40;;Калужский филиал Московского финансово-юридического университета МФЮА
80d6c043-bebc-42fb-b291-837df5225f1a;4110;28;Калуга;40;;Калужский филиал Российского государственного аграрного университета - МСХА им. К.А. Тимирязева
08ca6878-a03f-4f18-960b-7a056ebef8c3;4273;28;Калуга;40;;Калужский филиал Российской академии народного хозяйства и государственной службы при Президенте РФ
19786cda-bcc5-4f6f-ada5-445714991edf;6700;28;Калуга;40;;Московский государственный технический университет имени Н.Э. Баумана (Калужский филиал)
19ea0d47-c3c0-498d-981e-b28eff865911;6460;29;Обнинск;40;;Обнинский институт атомной энергетики (филиал НИЯУ МИФИ)
1ece31c4-0aea-4b16-b998-1709411a3178;4155;29;Обнинск;40;;Обнинский филиал Государственного университета управления
68616844-644d-43da-a36f-98ab9b77c709;4197;29;Обнинск;40;;Обнинский филиал Российского государственного социального университета
59711756-6db6-4f90-879a-65bdb8bec551;9027;29;Обнинск;40;;Филиал Московского международного университета информационных технологий «Академия ТОП Обнинск»
79740475-41c4-4aca-82ad-d92181122a3a;4235;30;Петропавловск-Камчатский;41;;Дальневосточный филиал Всероссийской академии внешней торговли Министерства экономического развития России
14e34b9b-91cb-4554-82d1-e170c8a8390d;4405;30;Петропавловск-Камчатский;41;;Камчатский филиал Российского университета кооперации
c704a231-8bc0-4afa-a0c0-ea2ec107abac;4303;30;Петропавловск-Камчатский;41;;Петропавловск-Камчатский филиал Российской академии народного хозяйства и государственной службы при Президенте РФ
18bd0ea3-daa9-4c24-81d0-5824cde8f8a7;7104;902;Белово;42;;Беловский институт (филиал) Кемеровского государственного университета
27729f67-b3f4-4158-8887-d13865dac72b;3936;34;Кемерово;42;;Кемеровский институт (филиал) Российского экономического университета имени Г.В. Плеханова
b7fb80c5-7332-4458-bd58-469227d55d1f;6742;902;Белово;42;;Кузбасский государственный технический университет имени Т.Ф. Горбачева филиал в г. Белово
227685c5-1056-4fed-91d2-6dda1daed5c0;6740;901;Междуреченск;42;;Кузбасский государственный технический университет имени Т.Ф. Горбачева филиал в г. Междуреченске
15deab6c-1ad7-4385-9875-a7ebce5de3e7;6746;706;Прокопьевск;42;;Кузбасский государственный технический университет имени Т.Ф. Горбачева филиал в г. Прокопьевске
d3fa90c8-d97b-4e4e-b9ba-e8aab39b0ce2;7106;723;Новокузнецк;42;;Кузбасский гуманитарно-педагогический институт (филиал) Кемеровского государственного университета
7ebab2b0-639a-4a5e-8e7a-717d0db0de6e;7464;34;Кемерово;42;;Сибирская Высшая школа музыкального и театрального искусства
6a302b11-3031-412e-a8c8-3f6623aed68c;11667;34;Кемерово;42;;Сибирский филиал «Центральная музыкальная школа – Академия исполнительного искусства»
e0518580-52a2-4d4c-b089-c2ba42cf7ec2;4861;34;Кемерово;42;;Сибирский Филиал МИЭП
6c5cbf63-ef62-4d39-9d20-058934654282;4633;34;Кемерово;42;;Тайгинский институт железнодорожного транспорта Омского государственного университета путей сообщения
350d7611-83ce-417e-877c-decd076a632d;4847;34;Кемерово;42;;Филиал МИЭП в г. Киселёвске
46fb1f67-0b9a-4e39-8a52-e73c5d8214b1;7256;727;Юрга;42;;Юргинский технологический институт (филиал) Национального исследовательского Томского политехнического университета
b7437981-e085-46c3-97e2-a48618af4e1e;7086;35;Киров;43;;Волго-Вятский институт (филиал) Московского государственного юридического университета имени О.Е. Кутафина
db04590a-1bbe-474a-bcde-1d5dc769aef5;4725;36;Кирово-Чепецк;43;city;Кирово-Чепецкий филиал Вятского социально-экономического института
5a713c9e-e005-425f-b737-3612966ae5f1;5421;35;Киров;43;;Кировский институт (филиал) Московского гуманитарно-экономического университета
2221b2e8-baf6-4305-9812-fcba86e3d180;4365;35;Киров;43;;Кировский филиал Московского финансово-юридического университета МФЮА
15dae166-10e0-445b-ab9f-af7b4d824a86;4277;35;Киров;43;;Кировский филиал Российской академии народного хозяйства и государственной службы при Президенте РФ
434e9b0e-da3f-4f48-aa60-18e0f5093406;7143;35;Киров;43;;Кировский филиал Санкт-Петербургского Гуманитарного университета профсоюзов
9ff73ecf-3aca-47fb-848b-af9a5d5fe8d5;4727;35;Киров;43;;Слободской филиал Вятского социально-экономического института
b72a6e87-84fe-4dc7-9603-9ebd63f11498;4680;35;Киров;43;;Филиал в г. Вятские Поляны Вятского государственного гуманитарного университета
ea14e043-53ec-4daf-bf46-cb8bb5c2772b;9001;35;Киров;43;;Филиал Московского международного университета информационных технологий «Академия ТОП Киров»
e27840a8-7301-4495-a150-5ebbf88eb3ca;7035;48;Курган;45;;Курганский институт железнодорожного транспорта - филиал Уральского государственного университета путей сообщения
dff04b17-a5ea-49c7-863a-16cc0f191bab;7332;48;Курган;45;;Курганский филиал Академии труда и социальных отношений
c46f171e-bb5a-4f5f-b172-fe616189c27e;4281;48;Курган;45;;Курганский филиал Российской академии народного хозяйства и государственной службы при Президенте РФ
3ce93fd9-f388-497d-aa89-1be18f1a2e59;7147;49;Курск;46;;Курский институт кооперации (филиал) Белгородского университета кооперации, экономики и права
c4b24ba1-ae8a-4af3-a0fd-4f987ae2f3af;4169;49;Курск;46;;Курский институт социального образования (филиал) Российского государственного социального университета
90e0a4aa-49d7-4884-b222-06c89d27192a;4809;49;Курск;46;;Курский филиал МИГУП
ee86d2b1-e783-4ad5-b90f-e9006c3b3971;4602;49;Курск;46;;Курский филиал Московского института права
4c82e5ad-8dec-4ee3-a0c5-ddb3aba1084b;6663;658;Бокситогорск;47;;Бокситогорский институт (филиал) Ленинградского государственного университета имени А.С. Пушкина
26be8ba9-7372-4ae8-95b4-5543a9e41cf7;4433;50;Санкт-Петербург;47;name;Волховский филиал Российского государственного педагогического университета им. Герцена
725052c4-2a3e-4e7f-87db-2d30a82e2284;4431;51;Выборг;47;;Выборгский филиал Российского государственного педагогического университета им. Герцена
23a7533a-9ddf-4222-aacc-89fe5240659d;4261;51;Выборг;47;;Выборгский филиал Российской академии народного хозяйства и государственной службы при Президенте РФ
f6650deb-e6ad-41e8-a874-ec800f305c74;5006;51;Выборг;47;;Выборгский филиал СПбГУГА
1d0e5d7a-62b4-4167-9fad-5120ad2202f3;5502;50;Санкт-Петербург;47;name;Ивангородский гуманитарно-технический институт (филиал) ГУАП
de117272-6dbc-4e46-8daa-e6d06e5de4fb;5004;52;Сосновый Бор;47;;Институт ядерной энергетики (филиал СПбПУ)
1944966f-5b92-4b9f-b029-ca2d730fdbf4;4914;50;Санкт-Петербург;47;name;Киришский филиал САУ
7fb62e8e-7de6-446a-bb97-7f6ce57f916c;6665;50;Санкт-Петербург;47;name;Ломоносовский институт (филиал) Ленинградского государственного университета имени А.С. Пушкина
b89baa5c-83aa-4737-a203-28c1f456acc9;6657;657;Луга;47;;Лужский институт (филиал) Ленинградского государственного университета имени А.С. Пушкина
6bcda613-9819-4a57-81c3-df9de0fd357b;5034;50;Санкт-Петербург;47;name;Филиал ИВЭСЭП в г. Бокситогорск
5f02c5d7-aafb-4071-ab44-b1460de39d92;5036;50;Санкт-Петербург;47;name;Филиал ИВЭСЭП в г. Волхов
c790f717-8f15-4b6c-84ae-0474778978b5;4926;51;Выборг;47;;Филиал СПбГЭУ в г. Выборг
7fbb1e83-e55b-45b2-b0b0-1e3f67d2ac44;4429;53;Липецк;48;;Данковский филиал Института экономики и антикризисного управления
739e6701-7608-4685-8436-6093252fe78c;4000;53;Липецк;48;;Елецкий филиал Московского государственного университета путей сообщения Императора Николая II
09de0ebe-fafd-490e-a6e6-c21cd0712d96;4159;54;Елец;48;;Елецкий филиал Российского нового университета
454b17b8-9387-4c3f-9549-562987850b9e;7152;53;Липецк;48;;Липецкий институт кооперации (филиал) Белгородского университета кооперации, экономики и права
3b1e2892-fcd6-44b1-8bd4-6266eb9d548d;4690;53;Липецк;48;;Липецкий казачий институт технологий и управления (филиал) МГУТУ им. К.Г. Разумовского (ПКУ)
a9698106-0f63-401c-b89d-741a1cb66637;4775;53;Липецк;48;;Липецкий филиал МГТА
31c0c875-02ba-4910-b7b0-28c6fb8ecab4;11495;53;Липецк;48;;Липецкий филиал Российского университета медицины
fe59aa53-5d7c-4b35-be66-12caadfcf4de;4283;53;Липецк;48;;Липецкий филиал Российской академии народного хозяйства и государственной службы при Президенте РФ
492f976e-813f-4617-abb8-758fe7be9b1c;4910;55;Магадан;49;;Магаданский институт экономики (филиал САУ)
57c096a9-2c32-4dae-af8a-8a106ebfdaa7;7422;1186;Сергиев Посад;50;;Богородский институт художественной резьбы по дереву
7d924806-883d-4adc-b1b5-b6cc3c2ef469;4053;59;Москва;50;name;Волоколамский институт гостеприимства (филиал РМАТ)
8dd1e240-58de-4162-968c-2092d374245e;4108;59;Москва;50;name;Воскресенский институт туризма (филиал РМАТ)
e60ff907-b293-4ca8-892a-4303d05faaba;4215;59;Москва;50;name;Воскресенский филиал Российского государственного гуманитарного университета
21019a6f-1c91-42fa-b0c2-d5f0dcc1924e;4555;62;Дмитров;50;;Дмитровский институт непрерывного образования Государственного университета «Дубна»
264ffc20-98f1-44ae-9535-98ef18f79ba0;7176;62;Дмитров;50;;Дмитровский рыбохозяйственный технологический институт (филиал) Астраханского государственного технического университета
fb25cc1e-1c08-4302-99fc-cd4ab025697d;4217;62;Дмитров;50;;Дмитровский филиал Российского государственного гуманитарного университета
6454f626-e708-45fb-b8a2-18743e4f7fc4;4157;59;Москва;50;name;Домодедовский филиал Российского нового университета
3f5a14e3-4cbc-4860-8177-930ecbb76a21;3915;59;Москва;50;name;Егорьевский технологический институт Московского государственного технологического университета «Станкин»
67268781-946a-4960-97bd-e1784012bb64;3899;59;Москва;50;name;Жуковский филиал «Стрела» Московского авиационного института (национального исследовательского университета)
e1aaf594-6012-4d9d-9e2a-0f889df568f1;4114;59;Москва;50;name;Западно-Подмосковный институт туризма (филиал РМАТ)
e1219df6-8c21-48d4-8115-1446eb143a0d;4565;59;Москва;50;name;Зарайский педагогический колледж Государственного социально-гуманитарного университета
59788805-0464-47a7-a1a6-2213c8b0cd6c;7393;1226;Клин;50;city;Клинский филиал Институт государственного администрирования
6641a87c-b6f2-401d-8182-d2f0c83feb03;4528;59;Москва;50;name;Клинский филиал Московского гуманитарно-экономического университета
f61f9107-c931-4ff5-afed-01cbbd261f5c;4567;59;Москва;50;name;Колледж педагогики и искусства Государственного социально-гуманитарного университета
af9f2a49-8755-4652-bcab-bb7927ebc233;6653;811;Коломна;50;;Коломенский институт (филиал) Московского политехнического университета
5d24a87d-463d-42cd-a846-debaed6dc0bd;4509;59;Москва;50;name;Королевский филиал Международного юридического института
a42ceff5-69b6-47d0-9642-10acb81aaa47;4968;59;Москва;50;name;Куровский филиал Московского психолого-социального университета
717b165b-f654-465e-9dba-74e20cfd5fdf;4563;59;Москва;50;name;Лыткаринский промышленно-гуманитарный колледж Университета «Дубна»
39c5d234-90d8-432e-bfb6-eb7d213c65c9;4175;59;Москва;50;name;Люберецкий филиал Российского государственного социального университета
7bb2b320-7556-4dd9-92cd-6cf63d095aa2;641;59;Москва;50;name;Московский государственный университет леса (Мытищинский филиал МГТУ им. Н. Э. Баумана)
932e3bf2-3ebd-4dcc-901a-8828f45c8717;4686;59;Москва;50;name;Московский областной казачий институт технологий и управления (филиал МГУТУ)
7307c0e7-2750-45ed-9a24-6e5ad4b9af0c;4702;59;Москва;50;name;Московский областной филиал «Институт искусств и информационных технологий» Санкт-Петербургского Гуманитарного университета профсоюзов
1f5c0443-f987-4fb9-b556-61a51a728d21;4369;59;Москва;50;name;Московский областной филиал в г. Сергиев Посад Московского финансово-юридического университета МФЮА
0ad3272b-f1c0-4e6c-a971-e027c68a8dd3;4013;59;Москва;50;name;Московский областной филиал Московского университета Министерства внутренних дел Российской Федерации им. В.Я. Кикотя
277ef2d4-6967-4e79-815a-53a8a0a27974;4279;59;Москва;50;name;Московский областной филиал Российской академии народного хозяйства и государственной службы при Президенте РФ (г. Красногорск)
9f73f7e4-3f2d-4a6b-b00d-0770bfd1565a;3921;59;Москва;50;name;Мытищинский филиал Национального исследовательского Московского государственного строительного университета
e3b5a61a-ef77-4055-b348-b38f46f30e13;4513;59;Москва;50;name;Одинцовский филиал Международного юридического института
4d4b7534-7700-41d6-812b-ade6e1fe3387;7279;653;Одинцово;50;;Одинцовский филиал Московского государственного института международных отношений
f4a19846-ca32-4249-b095-6b262b357a91;4783;59;Москва;50;name;Орехово-Зуевский филиал МНЭПУ
8b6e46ab-6035-4f6c-af82-bc2d9daeea7e;5565;608;Пущино;50;;Пущинский государственный естественно-научный институт
0e1b184f-c4ab-4fc3-9da6-dbecb607c931;5002;59;Москва;50;name;Сергиево-Посадский институт игрушки (филиал РУТХП)
22787f0d-2dd1-410f-999a-e422a8255800;6973;1186;Сергиев Посад;50;;Сергиево-Посадский филиал Всероссийского государственного университета кинематографии имени С. А. Герасимова
d5a220fa-cf0b-46bb-b9f6-a67f86281313;4323;60;Серпухов;50;;Серпуховский филиал Московского технологического университета (МИРЭА, МГУПИ,МИТХТ)
91e6607a-2f1f-4ba9-825e-1e05b8835d1f;4497;60;Серпухов;50;;Серпуховской филиал Военной академии ракетных войск стратегического назначения им. Петра Великого Министерства обороны Российской Федерации
7d6981d8-1302-4326-8876-4dfc4015047e;3903;59;Москва;50;name;Ступинский филиал Московского авиационного института (национального исследовательского университета)
fe2cb673-d9d1-4b5c-9e33-5c892db78596;4425;59;Москва;50;name;Ступинский филиал Московского финансово-юридического университета МФЮА
105def01-580c-4adf-a3e8-1305f8510eb8;4161;59;Москва;50;name;Ступинский филиал Российского нового университета
da02f223-4a79-4e3e-bfcc-c9a480245140;1161;1292;Королёв;50;;Технологический университет имени дважды Героя Советского Союза, летчика-космонавта А.А. Леонова
5250b078-a6f1-49a5-b649-58d15aaa1b3d;6651;59;Москва;50;name;Тучковский филиал Московского политехнического университета
7966854a-05c3-4b32-8507-4adc608fffb2;3907;59;Москва;50;name;Учебный центр «Интеграция» МАИ (национального исследовательского университета) в г. Серпухове при МОУ «Институте инженерной физики»
b319c789-db93-46fd-9ffa-84690bb8a901;7126;59;Москва;50;name;Федоскинский институт лаковой миниатюрной живописи - филиал Высшей школы народных искусств (Академия)
69d3102a-a2a7-4fce-a462-e3f6ba720bee;4557;59;Москва;50;name;Филиал «Котельники» Государственного университета «Дубна»
6120fa03-8b3f-41a5-bab2-910cf967ebca;4559;59;Москва;50;name;Филиал «Протвино» Государственного университета «Дубна»
7e7cc5f3-985e-472f-975c-d9504d1cc011;3909;65;Химки;50;city;Филиал «Ракетно-космическая техника» Московского авиационного института (национального исследовательского университета)
011412b5-abe2-4a6c-9bd2-f17b8cbf1500;4561;59;Москва;50;name;Филиал «Угреша» Государственного университета «Дубна»
dccd16ad-bbc3-45fc-b91c-54239d265df0;4297;59;Москва;50;name;Филиал в г. Дедовске Российского государственного социального университета
3c1e6e33-5d70-4297-9d34-c1ea5fe4b61b;4553;59;Москва;50;name;Филиал в г. Сергиев Посад Московского университета имени С.Ю. Витте
69d6291c-6a7e-4ffb-80a3-d014cc969f40;5040;59;Москва;50;name;Филиал ИВЭСЭП в г. Наро-Фоминске
1ad94951-20cd-4d24-b846-4fbb4b8196c4;11455;1134;Орехово-Зуево;50;;Филиал Института деловой карьеры в г. Орехово-Зуево
adf712ad-9a0d-4e5d-911d-3f04b7e34624;11463;612;Дубна;50;;Филиал Московского государственного университета имени М.В. Ломоносова в г. Дубне
9b388be9-34aa-43d2-b5ec-c796678e99ac;9031;653;Одинцово;50;;Филиал Московского международного университета информационных технологий «Академия ТОП Одинцово»
a335a48c-8e48-4ea1-92a8-3f37abace90c;9067;60;Серпухов;50;;Филиал Московского международного университета информационных технологий «Академия ТОП Серпухов»
fef50fb8-19c4-4aa9-b0c8-7c0c51da73f0;4167;59;Москва;50;name;Филиал Российского государственного социального университета в г. Клину Московской области
fb01177f-619e-404b-a147-f4f1d81188c6;4199;59;Москва;50;name;Филиал Российского государственного социального университета в г. Павловском Посаде Московской области
91f50b26-9962-4ebe-91f2-ed6d3ccafcfa;4325;59;Москва;50;name;Фрязинский филиал Российского технологического университета МИРЭА
0b3a1ac2-2e3d-47b4-b31d-56fb87616447;4449;59;Москва;50;name;Чеховский филиал Московского финансово-юридического университета МФЮА
706ab119-965c-43b7-a589-feb70e765260;6586;61;Электросталь;50;;Электростальский институт (филиал) Московского политехнического университета
5b00d8f7-df35-43fa-8ec7-e28f5f5cdd32;4986;61;Электросталь;50;;Электростальский филиал Московского психолого-социального университета
126b2fe6-c8cb-47dd-906b-07660eca5fd5;4229;61;Электросталь;50;;Электростальский филиал Российского государственного гуманитарного университета
e26817b6-d50d-4ab6-a7bc-f855b8f30a68;4435;66;Мурманск;51;;Мончегорский филиал Национального государственного университета физической культуры, cпорта и здоровья имени П. Ф. Лесгафта
4fc09629-2344-452f-b94b-7ddf13324735;4912;66;Мурманск;51;;Мурманский институт экономики (филиал САУ)
9b5a15c3-d051-4093-8c9d-d629852e9328;5016;66;Мурманск;51;;Мурманский филиал БИЭПП
99ba2f70-f87d-458c-a6b5-1a5078031e7c;4616;66;Мурманск;51;;Мурманский филиал ГУМРФ им. Макарова
b19b4e97-5ee9-4c0f-a4dd-7ea566f087e5;4575;66;Мурманск;51;;Мурманский филиал Московской академии предпринимательства при Правительстве Москвы
31e53916-adbe-407b-86e0-8899eb9dd22a;4195;66;Мурманск;51;;Мурманский филиал Российского государственного социального университета
f046a4c9-4dd9-4ab7-a660-cc0e8b5f9d95;4285;66;Мурманск;51;;Мурманский филиал Российской академии народного хозяйства и государственной службы при Президенте РФ
0b8c0fc8-d1e9-4e67-9a09-7c3c5ca6263b;5012;66;Мурманск;51;;Мурманский филиал СПбУГПС
6d25e7bc-5609-41c5-b0be-b9145e0d8d5d;4589;66;Мурманск;51;;Северо-Западный институт (филиал) Московского гуманитарно-экономического университета
ebc819a1-31de-4e40-b0c3-c6b9e019ca6c;5850;644;Апатиты;51;;Филиал Мурманского арктического государственного университета в г. Апатиты
457dcd92-ea2c-4682-b2b9-9dd8d925e9c0;4950;714;Арзамас;52;;Арзамасский политехнический институт Нижегородского Государственного Политехнического Университета им. Р.Е. Алексеева
2c007395-1d7b-416c-9e5f-fe49b3a2f277;4863;67;Нижний Новгород;52;;Арзамасский филиал Нижегородского государственного университета им. Н.И. Лобачевского
7bbb0c7b-e964-4f89-8332-19ce3bdd7a25;7223;944;Балахна;52;;Балахнинский филиал Национального исследовательского Нижегородского государственного университета им. Н.И. Лобачевского
d910f855-08ce-4bb1-bb84-0ca1e27f9de4;4670;67;Нижний Новгород;52;;Волго-Вятский филиал МТУСИ
e60bfd24-00b2-4cfe-ae49-69f30d1b3d5b;4952;67;Нижний Новгород;52;;Выксунский филиал Нижегородского Государственного Политехнического Университета им. Р.Е. Алексеева
4398b46e-2e1f-4da4-91b4-c48c19ed431e;4954;67;Нижний Новгород;52;;Дзержинский политехнический институт (филиал) Нижегородского Государственного Политехнического Университета им. Р.Е. Алексеева
09ff06c1-8ead-41c5-b003-46d76257128f;4946;67;Нижний Новгород;52;;Дзержинский филиал Нижегородского государственного университета им. Н.И. Лобачевского
29ac7876-168d-4de4-ba9a-64a0f0121db2;4265;67;Нижний Новгород;52;;Дзержинский филиал Российской академии народного хозяйства и государственной службы при Президенте РФ
28e46234-5480-4c28-8dfc-74c15cde6112;4956;67;Нижний Новгород;52;;Заволжский филиал Нижегородского Государственного Политехнического Университета им. Р.Е. Алексеева
037394b2-7692-4767-bccd-a3a79e67e7a3;4960;67;Нижний Новгород;52;;Институт пищевых технологий и дизайна Нижегородского государственного инженерно-экономического университета
aeeb8e70-bacd-4ef2-8ad1-b388ad338537;3935;67;Нижний Новгород;52;;Национальный исследовательский университет «Высшая школа экономики» в Нижнем Новгороде
9cb675d2-77a2-4401-9bd5-9915930bfbc4;4579;67;Нижний Новгород;52;;Нижегородский институт (филиал) Московского гуманитарно-экономического университета
5b1e91b7-1551-4bae-9ee2-b841b2411e92;11497;67;Нижний Новгород;52;;Нижегородский институт путей сообщения филиал Приволжского государственного университета путей сообщения
e205048f-afa6-4fe6-a921-7b7a69b61db8;4287;67;Нижний Новгород;52;;Нижегородский институт управления – филиал Российской академии народного хозяйства и государственной службы при Президенте Российской Федерации
49e386ad-ff13-49d2-82a8-20dce63551b0;4383;67;Нижний Новгород;52;;Нижегородский филиал Академия труда и социальных отношений
4c6b6815-8efe-43fa-906d-fe785b2c7b75;4753;67;Нижний Новгород;52;;Нижегородский филиал ГИ
e4a2790d-c0f1-4fa6-9cff-7978c2dda5ee;4765;67;Нижний Новгород;52;;Нижегородский филиал УРИО
a50e53a3-b678-4a56-9adf-a8ee3b9d2a44;4958;67;Нижний Новгород;52;;Павловский филиал Нижегородского Государственного Политехнического Университета им. Р.Е. Алексеева
0f82ed93-8b19-4209-99ea-82fb63efb36b;4948;67;Нижний Новгород;52;;Павловский филиал Нижегородского государственного университета им. Н.И. Лобачевского
7b004d3c-b759-4efe-bab5-bcc25719067b;4737;67;Нижний Новгород;52;;Приволжский филиал РГУП
b097b9e7-e859-43bb-9780-6253ad114627;6468;784;Саров;52;;Саровский физико-технический институт (филиал НИЯУ МИФИ)
ad7b969b-e582-482a-964f-fbc2402af5b4;7299;784;Саров;52;;Филиал Московского государственного университета имени М.В. Ломоносова в городе Сарове
1d1ab22a-1233-4bdb-9e56-be05d35098fe;9015;67;Нижний Новгород;52;;Филиал Московского международного университета информационных технологий «Академия ТОП Нижний Новгород»
6f8ca8dd-1a95-4bbe-8f80-3773e091383c;7100;67;Нижний Новгород;52;;Филиал Самарского государственного университета путей сообщения в Нижнем Новгороде
0f9baa13-ff9a-4ddd-afd7-e517aa7df9b6;4413;68;Великий Новгород;53;;Новгородский филиал Российского университета кооперации
e2a6641e-d83a-4bcb-8121-b1d56e1b0596;4289;68;Великий Новгород;53;;Новгородский филиал Российской академии народного хозяйства и государственной службы при Президенте РФ
627bc8ec-c747-4cee-9523-7ebdf1053493;4618;68;Великий Новгород;53;;Новгородский филиал Санкт-Петербургского института управления и права
87a99d0e-8df4-416e-8fc8-f39877dfdbc9;5088;69;Новосибирск;54;;Куйбышевский филиал Новосибирского государственного педагогического университета
24d7d051-7230-4726-8dce-bde9cb2fd735;4723;69;Новосибирск;54;;Новосибирский технологический институт (филиал РГУ им. Косыгина)
4af84d88-0c23-4e19-95e5-43cba2a6cecd;4916;69;Новосибирск;54;;Новосибирский филиал САУ
58ae9533-e76c-4128-9644-b42da168ae04;7266;69;Новосибирск;54;;Новосибирский юридический институт (филиал) Национального исследовательского Томского государственного университета
43cf9811-cf40-4881-aad1-944e2eb7c139;4319;69;Новосибирск;54;;Сибирский институт управления Российской академии народного хозяйства и государственной службы при Президенте РФ
bc9881ef-d4a7-40ea-8a69-3ecb81383db6;9023;69;Новосибирск;54;;Филиал Московского международного университета информационных технологий «Академия ТОП Новосибирск»
1c677e36-048f-4364-8879-20af35aac59c;3948;70;Омск;55;;Омский институт (филиал) Российского экономического университета имени Г.В. Плеханова
dc86a7a7-6177-446e-a215-549b6cb969cb;5082;70;Омск;55;;Омский институт водного транспорта (филиал) Сибирского государственного университета водного транспорта
3cf29b74-e1ed-4877-bdd2-63b6c0962b7a;11387;70;Омск;55;;Сибирский институт традиционного прикладного искусства филиал Российского университета традиционных художественных промыслов
4f29c710-b535-428b-8358-fa7ca51fbbe4;7033;70;Омск;55;;Сибирский казачий институт технологий и управления (филиал) МГУТУ им. К.Г. Разумовского
5851e233-5099-40b7-8023-ca4b8092e0e0;7195;877;Тара;55;;Тарский филиал Омского государственного аграрного университета им. П.А. Столыпина
d789ef71-7cf8-481c-8167-09680720c2d9;4635;70;Омск;55;;Тарский филиал Омского государственного педагогического университета
72798ea3-1cf7-4b8d-802c-fea4cba16c7c;8002;70;Омск;55;;Филиал Военной академии материально-технического обеспечения имени генерала армии А.В. Хрулёва  в г. Омске
acf8a277-c34b-4cd4-add8-b4e1f06b9bcd;4867;70;Омск;55;;Филиал МИЭП в г. Омске
5032879e-66b2-42a4-a4b7-44e386aa4d3e;5066;71;Оренбург;56;;Бузулукский гуманитарно-технологический институт Оренбургского государственного университета
8f890a5a-a19b-44ed-8379-136dd7f8230d;7088;71;Оренбург;56;;Оренбургский институт (филиал)  Московского государственного юридического университета имени О.Е. Кутафина
d5b30ede-0d08-40a8-938b-1c83fe6d79fe;4643;71;Оренбург;56;;Оренбургский институт путей сообщения филиал Приволжского государственного университета путей сообщения
fc0dca22-f320-4bfd-8ffa-9b285e2deaa5;7328;71;Оренбург;56;;Оренбургский филиал Академии труда и социальных отношений
9cbdcb1b-25d7-4e05-b0dd-527ed025365f;4711;71;Оренбург;56;;Оренбургский филиал Московского технологического института
d16525cf-222d-4a27-b4fd-02773c375ee9;7227;71;Оренбург;56;;Оренбургский филиал Поволжского государственного университета телекоммуникаций и информатики
cf642ce1-43f2-440f-aee5-05e4a16a5dc1;3889;71;Оренбург;56;;Оренбургский филиал Российского государственного университета нефти и газа им. И.М. Губкина
3032f789-95b8-41bb-befc-343b72a7088a;4291;71;Оренбург;56;;Оренбургский филиал Российской академии народного хозяйства и государственной службы при Президенте РФ
25486ff5-3346-428c-954b-4cc919ebb107;5078;72;Орск;56;;Орский гуманитарно-технологический институт (филиал) Оренбургского государственного университета
2c732647-089b-47dc-a4bf-2e234c19d314;4606;72;Орск;56;;Орский филиал Московского института права
30067265-43b0-4385-8ff9-5b953bbd882a;4371;71;Оренбург;56;;Орский филиал Московского финансово-юридического университета МФЮА
0dc5d319-3495-4295-a3ab-086442c0ca2e;4647;72;Орск;56;;Филиал в г. Орске Самарского государственного университета путей сообщения
85477e25-21a3-4bef-afbe-72fba0839616;4865;71;Оренбург;56;;Филиал МИЭП в г. Новотроицке
c73e0fd9-271d-4af0-838f-2862f645f722;6393;760;Ливны;57;;Ливенский филиал Орловского государственного университета имени И.С. Тургенева
f476fb90-5b53-4de9-9674-2a4012309c2d;6400;663;Мценск;57;;Мценский филиал Орловского государственного университета имени И.С. Тургенева
ca2a167f-136d-40c6-84d5-dc482037dc98;4061;73;Орел;57;;Орловский филиал Московского государственного университета путей сообщения Императора Николая II
812d9a01-5856-41a5-8afe-b8e786561bbd;4293;73;Орел;57;;Среднерусский институт управления - филиал Российской академии народного хозяйства и государственной службы при Президенте Российской Федерации
0146395b-9433-4779-99e2-9d0a15275e5d;6924;73;Орел;57;;Филиал Воронежского экономико-правового института в г. Орел
ec584985-4f3f-4f2d-824b-544c9e2ff26c;9035;73;Орел;57;;Филиал Московского международного университета информационных технологий «Академия ТОП Орел»
02cda22c-c63b-4974-b03f-7fd0a003c956;7025;74;Пенза;58;;Пензенский казачий институт технологий (филиал) МГУТУ им. К.Г. Разумовского
78cc3027-18bd-4b84-b655-1bac9f988312;4781;74;Пенза;58;;Пензенский филиал МНЭПУ
19bc2ed3-ab11-4d9c-bd70-41af2962b170;4542;74;Пенза;58;;Пензенский филиал Московского университета имени С.Ю. Витте
68e5fbcb-15fc-4994-adae-83a6ddd1187d;7499;74;Пенза;58;;Поволжская высшая школа интеллектуальной собственности
8f640b77-a850-4ee3-94aa-6f22bfed328b;4869;74;Пенза;58;;Филиал МИЭП в г. Пензе
658f117c-2b1e-4577-93e8-5b4997eccb9e;6999;621;Лысьва;59;;Лысьвенский филиал Пермского национального исследовательского политехнического университета
5e8f6d3b-264b-471f-aca3-42f66abb0398;7059;75;Пермь;59;;Пермский институт железнодорожного транспорта - филиал Уральского государственного университета путей сообщения
b86e6edb-d2c4-42c7-9ac9-bc204399b9bf;7066;75;Пермь;59;;Пермский филиал Волжского государственного университета водного транспорта
6020cffd-4375-407f-a285-03e6a0a28501;4801;75;Пермь;59;;Пермский филиал МИГУП
01dd79f3-08f8-4e2a-b104-80a2f313ee70;3949;75;Пермь;59;;Пермский филиал Национального исследовательского университета «Высшая школа экономики»
20f686b8-114f-43e3-8dc7-4cb075b34df8;4299;75;Пермь;59;;Пермский филиал Российской академии народного хозяйства и государственной службы при Президенте РФ
8905b055-5c87-4e8b-b30d-4f46a934b833;4020;75;Пермь;59;;Уральский филиал Российской академии живописи, ваяния и зодчества Ильи Глазунова
c8b3e708-b161-4f6b-82c6-c9a833f14f76;5046;75;Пермь;59;;Филиал ИВЭСЭП в г. Перми
cb50d0b4-eee1-4d58-945f-4a54a0bbe042;6930;75;Пермь;59;;Филиал Института деловой карьеры в Пермском крае
2f7edc92-9418-41ed-9714-581ae241b10c;4849;75;Пермь;59;;Филиал МИЭП в г. Краснокамске
7d40e5ac-e352-49be-9adb-47216b60c863;4871;75;Пермь;59;;Филиал МИЭП в г. Перми
88d4d0ce-b0d6-4baf-9a64-5a660815797f;9039;75;Пермь;59;;Филиал Московского международного университета информационных технологий «Академия ТОП Пермь»
c4e59259-2823-47f9-8685-5cce09f44f86;4468;75;Пермь;59;;Филиал Уральского федерального университета имени первого Президента России Б.Н. Ельцина в г. Чусовой
e458c8df-13b6-4272-a7b1-adb160b5946b;6997;620;Чайковский;59;;Чайковский филиал Пермского национального исследовательского политехнического университета
126e79bc-13ca-4678-9cf6-09f3c4f30463;4944;77;Псков;60;;Великолукский филиал Петербургского государственного университета путей сообщения
7d81618a-3fa1-4d69-a273-1a4d3362fcbf;4803;77;Псков;60;;Псковский филиал МИГУП
54bcfe9f-3b31-4fd9-87df-f6c54bd02a9a;4135;77;Псков;60;;Псковский филиал Российской международной академии туризма
02e7565d-9a7e-4b2d-843d-5b5b77d0ab97;6928;77;Псков;60;;Филиал Института деловой карьеры в Псковской области
6b222c74-a952-4403-ba16-e98a534fe335;9043;77;Псков;60;;Филиал Московского международного университета информационных технологий «Академия ТОП Псков»
8a05f96c-537e-40ca-bbca-7c9747c2a583;7128;1095;Зерноград;61;;Азово-Черноморский инженерный институт (филиал) Донского государственного аграрного университета
3ee4ab1a-fa0b-45dd-a34f-4d51bef79e1a;4128;78;Ростов-на-Дону;61;;Азовский филиал Российского государственного социального университета
0429a506-3928-49c7-8e10-0cc77adc04c9;4141;78;Ростов-на-Дону;61;;Батайский филиал Российского государственного социального университета
6906d71b-8b69-445f-a71d-c83aa2caf007;6499;710;Волгодонск;61;;Волгодонский инженерно-технический институт (филиал НИЯУ МИФИ)
0842aebf-99d1-4fe9-b0af-71595b90dfb2;4651;78;Ростов-на-Дону;61;;Волгодонский институт экономики, управления и права (филиал) Южного федерального университета
7cffc8ce-ecc0-4555-b096-d209c591db16;6785;861;Гуково;61;;Гуковский институт экономики и права (филиал) Ростовского государственного экономического университета (РИНХ)
2f97a68f-bd26-4e52-8b95-853e9690056a;7031;78;Ростов-на-Дону;61;;Донской казачий государственный институт пищевых технологий и бизнеса (филиал) МГУТУ им. К.Г. Разумовского
8b8ba89b-97ba-4927-9022-4616151ada74;6647;731;Шахты;61;;Институт сферы обслуживания и предпринимательства (филиал ДГТУ в г. Шахты)
c23c1a92-d26e-45bf-8249-13a48250a951;7199;888;Каменск-Шахтинский;61;;Каменский технологический институт (филиал) Южно-Российского государственного политехнического университета (НПИ) им. М.И. Платова
3c4e79b9-c6b8-4fee-b4b8-90c6e3bae537;7318;888;Каменск-Шахтинский;61;;Каменский филиал Российского нового университета
e5a0178b-ff03-4949-aa9f-747a484df094;4149;78;Ростов-на-Дону;61;;Каменск-Шахтинский филиал Российского государственного социального университета
b0bccd4c-69af-4e29-be71-54d65fbcc1e6;7136;887;Новочеркасск;61;;Новочеркасский инженерно-мелиоративный институт имени А.К. Кортунова - филиал Донского государственного аграрного университета
b7f7acfa-9e8a-4a8f-90ea-d0ee2eb28926;6681;79;Таганрог;61;;Политехнический институт (филиал) ДГТУ в г. Таганроге
ead06ca4-e7a2-4b97-b953-d818605f1030;3971;78;Ростов-на-Дону;61;;Ростовский институт (филиал) Всероссийского государственного университета юстиции (РПА Минюста России)
19211854-832b-4840-a2c7-a423b6dd6533;4330;78;Ростов-на-Дону;61;;Ростовский филиал Московского государственного технического университета гражданской авиации
3fba568f-d97d-4de8-8812-2279af170c2a;4739;78;Ростов-на-Дону;61;;Ростовский филиал Российского государственного университета правосудия
c6b3dbf7-eb9e-41f2-bf53-323564fc07dd;6976;78;Ростов-на-Дону;61;;Ростовский-на-Дону филиал Всероссийского государственного университета кинематографии имени С.А. Герасимова
91db1717-210b-40ad-aded-cbf5f5afef13;4667;78;Ростов-на-Дону;61;;Северо-Кавказский филиал МТУСИ
e70a7e44-c70e-4f98-a114-45e19e4ac26f;6778;79;Таганрог;61;;Таганрогский институт имени А. П. Чехова (филиал) Ростовского государственного экономического университета (РИНХ)
9e6e67f1-4dd7-400b-a9e2-a86ac54ff869;4163;79;Таганрог;61;;Таганрогский филиал Российского нового университета
9231addd-e4c3-40ea-8be4-27345592ebac;6685;821;Азов;61;;Технологический институт (филиал) ДГТУ в г.Азове
e16a0726-a9f8-4ece-afda-479230ffa569;4661;78;Ростов-на-Дону;61;;Филиал в г. Новошахтинске Южного федерального университета
46db88d3-42bb-481f-bec8-7ef62806ce53;4663;78;Ростов-на-Дону;61;;Филиал в ст. Вешенской Южного федерального университета
de125067-df8a-43db-ae7f-5e6e8af7459a;9047;78;Ростов-на-Дону;61;;Филиал Московского международного университета информационных технологий «Академия ТОП Ростов-на-Дону»
db8d92a7-8eb1-4b48-b197-efbdb24be181;6791;867;Миллерово;61;;Филиал Ростовский государственный экономический университет (РИНХ) в г. Миллерово
f5d1e090-7480-4c04-a188-e32ad69e07bd;7197;731;Шахты;61;;Шахтинский автодорожный институт (филиал) Южно-Российского государственного политехнического университета (НПИ) им. М.И. Платова
3e1d802a-a39e-4669-a6db-774fb07e7439;4755;78;Ростов-на-Дону;61;;Шахтинский филиал ГИ
83901c0a-a3d1-436d-a54f-3c948be9d19e;4363;78;Ростов-на-Дону;61;;Южно-Российский институт управления - филиал Российской академии народного хозяйства и государственной службы при Президенте РФ
16f7230e-10e4-4e82-afe6-34c9d3f0b9e5;6139;80;Рязань;62;;Рязанский институт (филиал) Московского Политехнического университета
c31dd56a-95d0-43c4-bfa6-fa90a044aedc;11383;80;Рязань;62;;Рязанский институт традиционного прикладного искусства филиал Российского университета традиционных художественных промыслов
7a6f6c1e-6eb9-4e53-99ed-a57d67c72735;4906;80;Рязань;62;;Рязанский институт экономики филиал Санкт-Петербургского университет технологий управления и экономики
d9acc5e2-adc3-4449-a8f9-8a83e9a2fd26;4998;80;Рязань;62;;Рязанский филиал ВШНИ
6793203f-9c09-4958-97f3-fbd86721c21c;4805;80;Рязань;62;;Рязанский филиал МИГУП
2f0667a1-f8c5-41ae-9330-23275ce54bd5;3905;80;Рязань;62;;Рязанский филиал Московского государственного университета культуры и искусств
f0601761-46e4-4a3b-a64d-9fe1cc05b380;4067;80;Рязань;62;;Рязанский филиал Московского государственного университета путей сообщения Императора Николая II
b01b02f4-5953-4f5d-8245-2a375c98d51a;4544;80;Рязань;62;;Рязанский филиал Московского университета имени С.Ю. Витте
ebb35526-4054-4825-923c-bdf429b18b84;4015;80;Рязань;62;;Рязанский филиал Московского университета Министерства внутренних дел Российской Федерации имени В.Я. Кикотя
a316dbe7-f636-4354-ab38-58ac5354e3c3;4185;80;Рязань;62;;Рязанский филиал Московской академии экономики и права
14c4ab24-26db-46bd-990d-702933978ccc;6938;80;Рязань;62;;Филиал Института деловой карьеры в Рязанской области
84bc657a-663d-4f9f-a778-348acb4df40f;9051;80;Рязань;62;;Филиал Московского международного университета информационных технологий «Академия ТОП Рязань»
ca53cca4-dec0-4d23-a7f6-13d64bb3045b;4639;81;Самара;63;;Открытый институт (Филиал) Самарского государственного архитектурно-строительного университета в г. Похвистнево
d80501d2-2116-40ab-ba19-4ec2d8e7f252;3923;81;Самара;63;;Самарский колледж строительства и предпринимательства Национального исследовательского Московского государственного строительного университета
718dec2d-c5bb-42c1-a336-3c29ce82d51c;7070;81;Самара;63;;Самарский филиал Волжского государственного университета водного транспорта
4c6f2dd9-17d7-412a-8e6c-14b80618fd55;4237;81;Самара;63;;Самарский филиал Московского городского педагогического университета
43e38fec-214b-4326-9b63-2fe7ef752d0f;7145;81;Самара;63;;Самарский филиал Санкт-Петербургского Гуманитарного университета профсоюзов
c8bd4dcc-a0f1-4d5a-a142-e5359a38a1d2;4767;81;Самара;63;;Самарский филиал УРИО
2370acad-7644-45e8-8c3d-ee9437e3283f;4990;81;Самара;63;;Сызранский филиал Самарского государственного технического университета
bc9e503d-e75d-4a9b-b921-19de46f67fd5;7270;630;Сызрань;63;;Сызранский филиал Самарского государственного экономического университета
168eb458-5b14-43aa-878e-8c69ab5b665a;4769;82;Тольятти;63;;Тольяттинский филиал УРИО
c09cb9e2-cbf0-456e-b2c6-c51f7621f605;9055;81;Самара;63;;Филиал Московского международного университета информационных технологий «Академия ТОП Самара»
76550107-32f7-467c-88ba-eb88caa4ae1e;9083;82;Тольятти;63;;Филиал Московского международного университета информационных технологий «Академия ТОП Тольятти»
725393ab-3f32-44c6-9d5e-0e08e687cf15;6484;705;Балаково;64;;Балаковский инженерно-технологический институт (филиал НИЯУ МИФИ)
5d659ee3-dd0d-4b0d-8d0c-8d5d8049d98c;4249;81;Самара;64;name;Балаковский филиал Российской академии народного хозяйства и государственной службы при Президенте РФ
b157e9c0-b4ea-4cbd-9803-21390cb7e26a;7231;705;Балаково;64;;Балаковский филиал Саратовской государственной юридической академии
044d8fd3-87e3-40c1-b7a3-c277d6ad213f;7235;704;Балашов;64;;Балашовский институт (филиал) Саратовского национального исследовательского государственного университета им. Н.Г. Чернышевского
527b80a3-08df-43c3-b0f7-266b8636d5d5;4427;86;Саратов;64;;Вольский филиал Института экономики и антикризисного управления
c9ee9c41-1358-4e9c-8e0e-9c0b5531faa4;3969;86;Саратов;64;;Поволжский институт (филиал) Всероссийского государственного университета юстиции
4cf37bd4-a4fc-43df-910b-1b2ed73ccce9;4305;86;Саратов;64;;Поволжский институт управления имени П.А. Столыпина Российской академии народного хозяйства и государственной службы при Президенте РФ
8566949e-1e8a-4e86-8101-ebc583bd0f4b;4415;86;Саратов;64;;Поволжский кооперативный институт Российского университета кооперации
188f1d5f-88fc-4230-b382-b348fa503069;4063;86;Саратов;64;;Поволжский филиал Московского государственного университета путей сообщения Императора Николая II
51ffb7d5-055c-4190-b7a6-640a7567525d;4065;105;Ржев;64;name;Ртищевский филиал Московского государственного университета путей сообщения Императора Николая II
b63a2db3-6e0a-41e0-80ad-20781ad5bf72;7433;86;Саратов;64;;Саратовский медицинский университет «Реавиз»
6eb10a0d-6d7e-4966-b9d5-177812c78a16;4019;86;Саратов;64;;Саратовский социально-экономический институт (филиал) Российского экономического университета имени Г.В. Плеханова
e97d1acf-bc2d-420a-82cb-57ad48048bb4;9059;86;Саратов;64;;Филиал Московского международного университета информационных технологий «Академия ТОП Саратов»
c80b70a6-4bf6-4c6e-ae33-1323ab41226c;7252;627;Энгельс;64;;Энгельсский технологический институт (филиал) СГТУ
30ced7e8-1d3d-470a-8371-f8691a26b5e1;4674;88;Южно-Сахалинск;65;;Южно-Сахалинский филиал Хабаровского государственного университета экономики и права
a207f087-c792-44c3-b538-a51db831b61b;6963;83;Екатеринбург;66;;Екатеринбургский институт физической культуры (филиал) Уральского государственного университета физической культуры
b949e348-1c45-4eb4-b5be-62c653aa3400;4377;83;Екатеринбург;66;;Екатеринбургский филиал Академии труда и социальных отношений
e18d38a3-446b-464d-bd68-885a16f50602;4694;83;Екатеринбург;66;;Екатеринбургский филиал Ленинградского государственного университета имени А. С. Пушкина
aff2d9d8-a9f3-4f90-9150-fad0ed95f2fc;7188;84;Нижний Тагил;66;;Нижнетагильский государственный социально-педагогический институт (филиал) Уральского государственного педагогического университета
530e12eb-1ea3-4775-bef9-17d7d8fbbcec;4511;84;Нижний Тагил;66;;Нижнетагильский филиал Международного юридического института
076c42fd-641d-47f9-8657-43d55742544e;6626;805;Новоуральск;66;;Новоуральский технологический институт (филиал НИЯУ МИФИ)
87f7512a-a4d4-4c1b-9a95-ce4616a05d25;4441;85;Каменск-Уральск;66;;Политехнический институт (филиал) Уральского федерального университета имени первого Президента России Б.Н. Ельцина в г. Каменске-Уральском
0cec0a69-147b-45c3-bd51-e4afb1365295;6502;786;Лесной;66;;Технологический институт (филиал НИЯУ МИФИ)
0a570d02-1380-4c8c-b095-2650f8e47885;7201;982;Нижняя Тура;66;;Удмуртский государственный университет филиал в городе Нижняя Тура
1e6d8417-f13f-4ddd-a28d-2e3733f3c7c1;4354;83;Екатеринбург;66;;Уральский институт управления Российской академии народного хозяйства и государственной службы при Президенте РФ
d8c15470-e65a-4a95-b895-3ff740828b73;5050;83;Екатеринбург;66;;Уральский технический институт связи и информатики (филиал СибГУТИ)
3117707a-707b-4c4a-8ffc-5314a9668a37;8981;83;Екатеринбург;66;;Филиал Московского международного университета информационных технологий «Академия ТОП Екатеринбург»
54c7088f-8d74-4d40-98ba-ec1e000b8065;4443;83;Екатеринбург;66;;Филиал Уральского федерального университета имени первого Президента России Б.Н. Ельцина в г. Алапаевск
a439ced4-628c-467f-8345-a6282ef83089;4446;83;Екатеринбург;66;;Филиал Уральского федерального университета имени первого Президента России Б.Н. Ельцина в г. Верхняя Салда
a1ccf2a8-4c35-488b-a3c7-e82fa5a7526c;4450;83;Екатеринбург;66;;Филиал Уральского федерального университета имени первого Президента России Б.Н. Ельцина в г. Ирбит
ee76771b-8b66-49f4-8521-d21e2cfaa987;4452;83;Екатеринбург;66;;Филиал Уральского федерального университета имени первого Президента России Б.Н. Ельцина в г. Краснотурьинск
4590dc89-df77-4161-920f-4997c9d3e3d1;4454;83;Екатеринбург;66;;Филиал Уральского федерального университета имени первого Президента России Б.Н. Ельцина в г. Красноуральск
343c5aad-24a9-44cb-a228-ddabcc6dd9f3;4458;83;Екатеринбург;66;;Филиал Уральского федерального университета имени первого Президента России Б.Н. Ельцина в г. Невьянске
dda6d4f9-d0df-4378-887b-1da8b3194beb;4460;83;Екатеринбург;66;;Филиал Уральского федерального университета имени первого Президента России Б.Н. Ельцина в г. Новоуральск
053e9a45-9387-4531-80ea-a4d93660cffe;4464;83;Екатеринбург;66;;Филиал Уральского федерального университета имени первого Президента России Б.Н. Ельцина в г. Первоуральск
70328ead-18e1-4e32-a08f-98fcb761fced;4466;83;Екатеринбург;66;;Филиал Уральского федерального университета имени первого Президента России Б.Н. Ельцина в г. Серов
5e20b0e6-b3aa-42ff-b209-b7c9678c6ce7;4470;83;Екатеринбург;66;;Филиал Уральского федерального университета имени первого Президента России Б.Н. Ельцина в г. Среднеуральск
a284fdc9-4a1f-4d72-a6f6-c450da651d53;4111;90;Смоленск;67;;Вяземский филиал РМАТ
c9f42e6a-c097-4454-91b5-16326b838df7;4978;90;Смоленск;67;;Рославльский филиал Московского психолого-социального университета
e4753ba8-19fd-4afc-84cd-72a45a52ebf6;4908;90;Смоленск;67;;Смоленский институт экономики (филиал САУ)
a1914e8d-9db6-4e82-9752-d4f65e140bc6;4688;90;Смоленск;67;;Смоленский казачий институт промышленных технологий и бизнеса (филиал)  МГУТУ им. К.Г. Разумовского (ПКУ)
d4037e3e-907c-4d90-b49e-7dfd2c997988;4419;90;Смоленск;67;;Смоленский кооперативный институт (филиал) Российского университета кооперации
5e31b449-9d8e-4791-b3f0-4bee8d7f25dc;4515;90;Смоленск;67;;Смоленский филиал Международного юридического института
9f526df3-a08d-4548-8fb4-7af8539d3c7c;4807;90;Смоленск;67;;Смоленский филиал МИГУП
f9516fcb-aad2-48b8-80f0-b518e4f0b780;4102;90;Смоленск;67;;Смоленский филиал Московского государственного университета путей сообщения Императора Николая II
df8a548c-e21b-4bf2-b19a-fc2c7e9a3cbc;4187;90;Смоленск;67;;Смоленский филиал Московской академии экономики и права
97d95709-15da-4cbd-8157-1216dfab4727;3986;90;Смоленск;67;;Смоленский филиал Национального исследовательского университета «МЭИ»
2190e38c-aabe-441a-bb8d-1523ec64ca7d;4031;90;Смоленск;67;;Смоленский филиал Российского экономического университета имени Г.В. Плеханова
6e0fff64-ba3f-42d1-9bb5-064b717711e1;4337;90;Смоленск;67;;Смоленский филиал Российской академии народного хозяйства и государственной службы при Президенте РФ
ba8d8f59-2cb5-4979-af12-61a5aa92cf16;7396;90;Смоленск;67;;Смоленский филиал Саратовской государственной юридической академии
e1266d9c-811a-4cab-bd2b-aca3cf70bc50;6926;90;Смоленск;67;;Филиал Института деловой карьеры в Смоленской области
63f2a741-5149-43c7-9e6a-14035b7b7883;8933;90;Смоленск;67;;Филиал Московского международного университета информационных технологий «Академия ТОП Смоленск»
87d22d8e-e856-4569-ba52-3f7a5cc4fb61;4409;96;Мичуринск;68;;Мичуринский филиал Российского университета кооперации
007eea1d-8ea7-4916-b333-6eb61a5fa281;7245;95;Тамбов;68;;Тамбовский филиал Мичуринского государственного аграрного университета
45299309-ce47-424d-8ee7-40033f6f55eb;4165;95;Тамбов;68;;Тамбовский филиал Российского нового университета
9810b340-d36d-4359-afc4-f69a72b76fe3;4342;95;Тамбов;68;;Тамбовский филиал Российской академии народного хозяйства и государственной службы при Президенте РФ
1611b735-2725-4f14-9cdb-dd4aa2ef3ae8;4982;95;Тамбов;68;;Уваровский филиал Московского психолого-социального университета
9890dd4f-30cc-4636-8f0e-1af9bde37939;4883;95;Тамбов;68;;Филиал МИЭП в г. Тамбове
074b92c2-8809-469c-9cec-28271f078dc2;4779;106;Вышний Волочёк;69;city;Вышневолоцкий филиал МСИ
430dc1fd-b743-4892-a194-f04116b3084f;4966;104;Конаково;69;city;Конаковский филиал Московского психолого-социального университета
10b12432-1fec-4955-9f48-e9cd76831e97;4598;103;Тверь;69;;Тверской институт (филиал) Московского гуманитарно-экономического университета
216afd46-ce01-4027-b54d-a63feaf74f61;4437;103;Тверь;69;;Тверской филиал Московского финансово-юридического университета МФЮА
75b9c75d-483a-43c9-8f88-03b7afa6c75c;4344;103;Тверь;69;;Тверской филиал Российской академии народного хозяйства и государственной службы при Президенте РФ
198b1586-0950-4409-9826-3de8e111f34d;4885;103;Тверь;69;;Филиал МИЭП в г. Твери
e992079e-c5cb-4031-9806-d74b8c689757;5586;103;Тверь;69;;Филиал Российского государственного университета им. А.Н. Косыгина (Технологии. Дизайн. Искусство) в г. Твери
53c98598-c872-451b-9996-5e8c6e8d3521;4733;107;Томск;70;;Западно-Сибирский филиал РГУП
f30e34ac-276b-48e3-a9ea-4073eb26c7ea;6445;767;Северск;70;;Северский технологический институт (филиал НИЯУ МИФИ)
3b9e29b0-3a80-4c7e-99f4-1c343a3a5089;5558;107;Томск;70;;Томский сельскохозяйственный институт - филиал Новосибирского ГАУ
7289dd6f-c0d2-4698-b09f-dcc5f8ba2bdf;4295;107;Томск;70;;Томский филиал Российского государственного социального университета
6e505b08-9f16-4086-ba70-ed0b84e2657f;4346;107;Томск;70;;Томский филиал Российской академии народного хозяйства и государственной службы при Президенте РФ
5e4cc112-2c23-4270-92fc-1589132383d3;4209;110;Новомосковск;71;;Новомосковский институт (филиал) Российского химико-технологического университета имени Д.И. Менделеева
17ef100b-265b-4e16-be50-438a5770f92c;4763;110;Новомосковск;71;;Новомосковский филиал УРИО
e3b1a2dc-6023-4437-a894-a49cd5fb7709;3981;109;Тула;71;;Тульский институт (филиал) Всероссийского государственного университета юстиции (РПА Минюста России)
6376922c-5b7e-459c-90c9-60d4a1d2d3b2;4517;109;Тула;71;;Тульский филиал Международного юридического института
d81dff30-641e-4dd9-9c2e-dd33ada09f3a;3910;109;Тула;71;;Тульский филиал Московского государственного университета культуры и искусств
86c9aee9-5b5b-478d-baf3-3136ff94adbd;4546;109;Тула;71;;Тульский филиал Московского университета имени С.Ю. Витте
90dc548c-c9be-41f0-80b6-60f3b8674e66;4348;109;Тула;71;;Тульский филиал Российской академии народного хозяйства и государственной службы при Президенте РФ
e0947a77-d8a9-4f3b-a07d-56f633ee3591;4139;109;Тула;71;;Тульский филиал Российской международной академии туризма
44a4ed5b-cad2-44ba-8aaa-420814ff1585;4891;109;Тула;71;;Филиал МИЭП в г. Щекинo
565d91da-98be-4b22-b87b-a78406fcaf39;9087;109;Тула;71;;Филиал Московского международного университета информационных технологий «Академия ТОП Тула»
046837f3-12a3-4b33-ac5f-8c345169f50e;7112;678;Ишим;72;;Ишимский педагогический институт им. П.П. Ершова (филиал) Тюменского государственного университета
ff5636a3-00cf-41e6-ae93-64dbb08c7bb5;6795;732;Тобольск;72;;Тобольский индустриальный институт (филиал) Тюменского индустриального университета
24df792e-f259-4512-b22b-20b88222df1b;7114;732;Тобольск;72;;Тобольский педагогический институт им. Д.И. Менделеева  (филиал) Тюменского государственного университета
dffe6483-094f-4321-aad9-7c661ba7f859;4811;114;Тюмень;72;;Тюменский филиал МИГУП
96e7a427-1541-4247-a707-9ae9d55f7ae4;4350;114;Тюмень;72;;Тюменский филиал Российской академии народного хозяйства и государственной службы при Президенте РФ
1f12c289-f02b-4b0d-bf2e-7077cf7d2d62;5074;114;Тюмень;72;;Тюменский филиал Сибирского университета потребительской кооперации
a28e4576-c5c7-4818-8400-a016ca99eb49;6934;114;Тюмень;72;;Филиал Института деловой карьеры в Тюменской области
1460113d-1de5-423d-a576-7ba79c321319;8941;114;Тюмень;72;;Филиал Московского международного университета информационных технологий «Академия ТОП Тюмень»
72dd4fc2-b7cb-478c-882b-0b74e8fbdb8f;6491;737;Димитровград;73;;Димитровградский инженерно-технологический институт (филиал НИЯУ МИФИ)
7d081bab-de1a-406b-bbec-f901d139a394;7268;834;Инза;73;;Инзенский филиал Ульяновского государственного университета
1045289c-0e1f-4b72-8450-8ad66a8caaaa;7021;737;Димитровград;73;;Поволжский казачий институт управления и пищевых технологий (филиал) МГУТУ им. К.Г. Разумовского
98de6a96-f27e-4528-884b-7f37cfc8315f;6519;737;Димитровград;73;;Технологический институт - филиал Ульяновского государственного аграрного университета имени П.А. Столыпина
f33346e0-f8e9-40bb-8923-4aea2927351c;4445;122;Ульяновск;73;;Ульяновский филиал Московского финансово-юридического университета МФЮА
7f1848e0-d441-465f-884f-baa9dff560df;4352;122;Ульяновск;73;;Ульяновский филиал Российской академии народного хозяйства и государственной службы при Президенте РФ
97bf7a4b-14ec-4b9b-9239-021b8a6799b3;9095;122;Ульяновск;73;;Филиал Московского международного университета информационных технологий «Академия ТОП Ульяновск»
a852a492-5cfc-46f1-aa64-64eef479f88b;7027;128;Челябинск;74;;Институт агроинженерии Южно-Уральского государственного аграрного университета
c87642f2-09eb-44f2-bc64-b2771c5b04f5;7023;128;Челябинск;74;;Институт агроэкологии - филиал Южно-Уральского государственного аграрного университета
a75043ae-99a0-46b3-aa52-fc5233218a4d;4471;128;Челябинск;74;;Кыштымский филиал Южно-Уральского государственного университета (национальный исследовательский университет)
f4572ce5-2029-4d9e-b220-9eee564e95e0;4970;129;Магнитогорск;74;;Магнитогорский филиал Московского психолого-социального университета
3ae4f10c-b15f-40f7-8597-6c048628f1a7;6635;670;Озерск;74;;Озерский технологический институт (филиал НИЯУ МИФИ)
d26142cf-c806-4980-941c-a194198cd688;4475;128;Челябинск;74;;Озерский филиал Южно-Уральского государственного университета (национальный исследовательский университет)
69b45855-b258-4fe5-8e79-e4b8bdf1f756;6628;806;Снежинск;74;;Снежинский физико-технический институт (филиал НИЯУ МИФИ)
5086d7d6-7c7b-48bf-9080-2f82aa1657ff;6637;808;Трехгорный;74;;Трехгорный технологический институт (филиал НИЯУ МИФИ)
9e1911db-f907-4acd-80ec-9d5a29aa1b6c;7336;128;Челябинск;74;;Уральский социально-экономический институт (филиал) Академии труда и социальных отношений
d0afed7d-d91d-41fd-91ca-f042066e66ae;4745;128;Челябинск;74;;Уральский филиал РГУП
3823eb54-dea6-4422-89e2-c95fb74e5d40;4477;128;Челябинск;74;;Филиал в г. Аша Южно-Уральского государственного университета (национальный исследовательский университет)
f116affd-99f9-448b-9bcb-dec93435dd8c;4479;130;Златоуст;74;;Филиал в г. Златоуст Южно-Уральского государственного университета НИУ
82e58345-41e9-4dc3-b353-45355991bd86;4481;128;Челябинск;74;;Филиал в г. Миассе Южно-Уральского государственного университета (национальный исследовательский университет)
701745bf-ddf3-4c40-ad8c-76aca304e437;4483;128;Челябинск;74;;Филиал в г. Сатка Южно-Уральского государственного университета (национальный исследовательский университет)
f4259f18-c0d8-4982-9db5-845121e5c036;4485;128;Челябинск;74;;Филиал в г. Снежинск Южно-Уральского государственного университета (национальный исследовательский университет)
069a7bf1-7b92-4cab-9b66-c2d146b6ec51;4487;128;Челябинск;74;;Филиал в г. Усть-Катав Южно-Уральского государственного университета (национальный исследовательский университет)
2b658eff-ecfb-4b89-add7-e840233e957e;4853;129;Магнитогорск;74;;Филиал МИЭП в г. Магнитогорске
b694532a-be4b-4049-852d-eb950e83b347;4889;128;Челябинск;74;;Филиал МИЭП в г. Челябинске
5152e65b-3d8e-46df-aa31-5c8ed24c896f;9107;128;Челябинск;74;;Филиал Московского международного университета информационных технологий «Академия ТОП Челябинск»
2717b1b0-9e23-4d39-a73f-7fd6b7d03b54;7001;675;Миасс;74;;Челябинский государственный университет Миасский филиал
4fb2a2ec-4384-4b87-8f66-baae305facf6;7004;676;Троицк;74;name;Челябинский государственный университет Троицкий филиал
b599a7bc-ee03-406d-8f50-331763e4c252;7057;128;Челябинск;74;;Челябинский институт путей сообщения - филиал Уральского государственного университета путей сообщения
dbce607a-a381-48af-9ffb-4c643a69c392;5018;128;Челябинск;74;;Челябинский филиал БИЭПП
7c710130-92fb-4058-9a28-c09fc85d08f2;4538;128;Челябинск;74;;Челябинский филиал Московского государственного гуманитарно-экономического университета
4e3b5cee-d1d6-43f2-a3c8-87e2c7101425;4358;128;Челябинск;74;;Челябинский филиал Российской академии народного хозяйства и государственной службы при Президенте РФ
99fefe48-1984-4eac-8d8e-1f1e727a3c01;4773;128;Челябинск;74;;Челябинский филиал УРИО
201fae12-8757-4cce-9e19-ce43fbf7e1b9;7261;22;Чита;75;;Забайкальский аграрный институт - филиал Иркутской государственной сельскохозяйственной академии
903d695e-a505-4905-94a8-ed63453fb664;7156;22;Чита;75;;Забайкальский институт железнодорожного транспорта – филиал ИрГУПС
870be8e8-c61c-4a99-99fd-db8bcee6c227;6940;22;Чита;75;;Читинский институт (филиал) Байкальского государственного университета
784af650-a0ba-4394-97af-386ef3855dfb;4361;22;Чита;75;;Читинский филиал Российской академии народного хозяйства и государственной службы при Президенте РФ
bd11444b-1ec3-4645-8da0-f7d56ac49f71;11027;136;Ярославль;76;;Государственная академия промышленного менеджмента имени Н. П. Пастухова филиал Национального исследовательского Томского государственного университета
0ca5f774-5b92-4740-a55e-baee619f5934;7167;925;Тутаев;76;;Рыбинский государственный авиационный технический университет имени П.А. Соловьева - Тутаевский филиал
ff0405b0-4d77-4586-b70e-f530b4b720eb;11573;616;Рыбинск;76;;Рыбинское ордена «Знак Почета» училище имени В.И. Калашникова филиал Волжского государственного университета водного транспорта
9bd0bb59-3403-4d15-849c-e7387ea9276f;11217;616;Рыбинск;76;;Филиал Ярославского государственного педагогического университета им. К.Д. Ушинского в городе Рыбинске
8984fcd6-3741-47c2-bff3-c4f7cb7e9d58;4385;136;Ярославль;76;;Ярославский филиал Академии труда и социальных отношений
d3adf844-d26b-4aa3-b901-e5663f9931f1;4106;136;Ярославль;76;;Ярославский филиал Московского государственного университета путей сообщения Императора Николая II
8646232a-a70a-4aba-8742-8a729654f939;4988;136;Ярославль;76;;Ярославский филиал Московского психолого-социального университета
f3cba116-2636-45cf-b362-58c5238422ab;4456;136;Ярославль;76;;Ярославский филиал Московского финансово-юридического университета МФЮА
52bd9bdc-0f86-47bf-8775-8e5a09b7cb1a;4041;136;Ярославль;76;;Ярославский филиал Российского экономического университета имени Г.В. Плеханова
a231ff79-bf77-4b36-9409-6d91fbeaacb0;8645;59;Москва;77;;Высшая школа экономики Москвы РЭУ им. Г. В. Плеханова
4fbf0327-a9c3-4154-a151-fe62141e0454;5093;59;Москва;77;;Институт бизнеса и делового администрирования РАНХиГС
84f6d0c3-e1ca-4219-b9d7-d995cb530bda;4996;59;Москва;77;;Институт традиционного прикладного искусства - Московский филиал ВШНИ
446db09f-2b71-463c-b2ed-58be496608f3;5309;59;Москва;77;;Медицинский университет Реавиз в Москве
1ee80887-9eb9-4ce3-bd33-b13b18bd03b0;4698;59;Москва;77;;Московский филиал Ленинградского государственного университета имени А.С. Пушкина
8b5af7c6-c1b6-4a85-8803-609907bd16e5;4133;59;Москва;77;;Московский филиал РМАТ (Измайлово)
f13833dc-4b87-460b-b43f-e7805ad42076;819;59;Москва;77;;Московский финансово-юридический университет
ea832142-9f6b-4878-b5ea-f78aa52d07db;8068;50;Санкт-Петербург;78;;Институт востоковедения и африканистики НИУ ВШЭ — Санкт-Петербург
e830d725-4897-4882-9749-7ada74b88601;3953;50;Санкт-Петербург;78;;Национальный исследовательский университет «Высшая школа экономики» — Санкт-Петербург
434775a9-b3c1-4d06-9dff-954f915f17d0;3973;50;Санкт-Петербург;78;;Санкт-Петербургский институт (филиал) Всероссийского государственного университета юстиции (РПА Минюста России)
ab460f34-15c3-4be2-a5da-9f56a612c893;4715;50;Санкт-Петербург;78;;Санкт-Петербургский филиал РТА им. В.Б. Бобкова
4d60a7fa-2682-4f1f-b564-652475f2ef18;4312;50;Санкт-Петербург;78;;Северо-Западный институт управления филиал РАНХиГС Санкт-Петербург
a1d57607-3f54-45c3-b4e3-ac08d3141b24;4741;50;Санкт-Петербург;78;;Северо-Западный филиал Российского государственного университета правосудия им. В.М. Лебедева
76eb4ce4-c0b0-4d50-aee3-ee8a7ecadc0f;5313;50;Санкт-Петербург;78;;Университет РЕАВИЗ
9a8af844-d898-46fe-ac0e-309e6e4318d1;8929;50;Санкт-Петербург;78;;Филиал Московского международного университета информационных технологий «Академия ТОП Санкт-Петербург»
ea62e451-eee1-4e40-b020-2bb6d7cb16a7;5241;50;Санкт-Петербург;78;;Школа гуманитарных наук и искусств НИУ ВШЭ в Санкт-Петербурге
7abb12e2-44e4-43c1-9aa2-ba0c76137353;3954;50;Санкт-Петербург;78;;Школа социальных наук НИУ ВШЭ в Санкт-Петербурге
40968679-21e4-46f5-bd87-586951bb0b71;5242;50;Санкт-Петербург;78;;Школа физико-математических и компьютерных наук НИУ ВШЭ в Санкт-Петербурге
ecd8fd05-b513-4877-b370-a34082ea990b;3955;50;Санкт-Петербург;78;;Школа экономики и менеджмента НИУ ВШЭ в Санкт-Петербурге
c3e0ad1a-053f-460c-9383-85340153fc7a;4672;21;Биробиджан;79;;Биробиджанский филиал Хабаровского государственного университета экономики и права
444de88d-ae81-45bd-ac78-e77f5591186a;7461;713;Нефтеюганск;86;;Индустриальный институт (филиал) Югорского государственного университета
404fab38-bf46-451b-a5fd-63e61629ead1;11509;1553;Когалым;86;;Когалымский филиал Пермского национального исследовательского политехнического университета
78c365b6-69e9-4cf0-8b9c-ebbf179f5fd6;4627;113;Сургут;86;;Нефтеюганский филиал Омского государственного технического университета
c5e304d8-eedd-416f-8963-5ce871397f38;4629;112;Нижневартовск;86;;Нижневартовский филиал Омского государственного технического университета
703ac767-e9d0-4a24-a47e-9386881e3abc;4492;112;Нижневартовск;86;;Нижневартовский филиал Сибирской государственной автомобильно-дорожной академии
e9320292-e46d-4c1a-826e-d5314c80d517;4473;112;Нижневартовск;86;;Нижневартовский филиал Южно-Уральского государственного университета (национальный исследовательский университет)
a4074f80-8461-4f71-8ddb-69897f5f3a73;4203;115;Ханты-Мансийск;86;;Советский филиал Российского государственного социального университета
4f8d5ae9-f7c2-415b-a9a4-39d5b3cab7d5;6799;113;Сургут;86;;Сургутский институт нефти и газа (филиал) Тюменского индустриального университета
6e0fa9c8-230a-49f1-acfe-6b931aca2e7a;4631;113;Сургут;86;;Сургутский филиал Омского государственного технического университета
f597d937-b6ef-40f0-b497-7a3f32799357;4494;113;Сургут;86;;Сургутский филиал Сибирской государственной автомобильно-дорожной академии
f8608248-b5bb-4e19-a533-1d061ff9511f;4875;115;Ханты-Мансийск;86;;Филиал МИЭП в г. Радужном
84e12250-aa4c-43d1-b096-8fee74c84090;4922;55;Магадан;87;name;Филиал СПбГЭУ в г. Анадырь
a4416eb0-7a41-4f58-a6d8-4b337334bc20;7174;1125;Анадырь;87;;Чукотский филиал Северо-Восточного федерального университета имени М.К. Аммосова
7f0259f1-5367-46a7-85e9-50169af8c601;4974;134;Салехард;89;name;Надымский филиал Московского психолого-социального университета
416e44a7-d56a-43a7-b169-f616f5dbf4dd;6801;673;Ноябрьск;89;city;Ноябрьский институт нефти и газа (филиал) Тюменского индустриального университета
ae44393c-be88-4c78-b64a-1d326c4d6877;4462;134;Салехард;89;name;Филиал Уральского федерального университета имени первого Президента России Б.Н. Ельцина в г. Ноябрьск
d070d46e-5ad0-4dac-bd7d-675e54fdb6a5;11237;1549;Энергодар;90;;Энергодарский филиал Мелитопольского государственного университета
01194a98-0c27-4e54-b39a-c055951d7d49;7207;1032;Ялта;91;;Гуманитарно-педагогическая академия (филиал) Крымского федерального университета имени В.И. Вернадского
401392af-b1e2-461f-9045-f42fb93b662b;7211;820;Евпатория;91;;Евпаторийский институт социальных наук (филиал) Крымского федерального университета имени В.И. Вернадского
169fd077-d299-42a0-acf2-43573ef8a789;7205;721;Армянск;91;;Институт педагогического образования и менеджмента (филиал) Крымского федерального университета имени В.И. Вернадского
c1f815d3-63b1-43b5-b660-5081cdfd42bc;7170;720;Феодосия;91;;Керченский государственный морской технологический университет - филиал в г. Феодосия
4a0d310e-a3d1-4fe4-a300-41848e7d13b2;6606;718;Керчь;91;;Керченский филиал Крымского инженерно-педагогического университета имени Февзи Якубова
30cff472-f408-4b4a-a2e6-b005ce0c75b2;6915;601;Симферополь;91;;Крымский кооперативный институт (филиал) Российского университета кооперации
5ef8919a-aecd-43f0-94ba-d9f6eca222f6;4749;601;Симферополь;91;;Крымский филиал РГУП им. В.М. Лебедева
8261d83d-aa03-4ed1-96f1-887ae00f15ff;4379;593;Севастополь;92;;Институт экономики и права (филиал) Академии труда и социальных отношений
03865aac-fa04-463b-9811-c903fc13eea0;7203;593;Севастополь;92;;Севастопольский экономико-гуманитарный институт (филиал) Крымского федерального университета имени В.И. Вернадского
be4757df-eb88-4f68-aefd-1d561f467e38;9063;593;Севастополь;92;;Филиал Московского международного университета информационных технологий «Академия ТОП Севастополь»
96c14f80-67c1-4462-bf94-a2f6efe1516a;11371;1551;Горловка;93;;Автомобильно-дорожный институт филиал Донецкий национальный технический университет в г. Горловка
e0aa8d39-d1fe-4aa8-a763-f7d0ccb4a750;10866;1530;Мариуполь;93;;Азовский морской институт филиал Севастопольского государственного университета
fde91051-efeb-4d7e-a857-6e42f7ab72ff;10974;1196;Макеевка;93;;Донбасская национальная академия строительства и архитектуры филиал Национального исследовательского Московского государственного строительного университета
61ce5c42-992f-4c49-b0df-903ed0724d60;10913;885;Донецк;93;name;Донецкий институт управления филиал Российской академии народного хозяйства и государственной службы при Президенте Российской Федерации
7072d33c-6ecd-4e7e-9956-09dd56d10609;10995;1530;Мариуполь;93;;Приазовский государственный технический университет филиал Национального исследовательского Московского государственного строительного университета
ba49029e-2ca2-4da3-9742-934b9bb4d0fd;10822;1522;Антрацит;94;;Антрацитовский институт геосистем и технологий филиал Луганского государственного университета имени Владимира Даля
f29ca5e1-1f6e-4a5c-bb31-2474fbf61eb3;10898;1538;Красный Луч;94;;Краснолучский филиал Донбасского государственного технического университета
064fec89-e7df-4c10-8079-23a7973b5e81;10826;1526;Северодонецк;94;;Северодонецкий технологический институт филиал Луганского государственного университета имени Владимира Даля
f8dbdc5f-c13e-4489-8287-ed40f89fa120;11275;1548;Старобельск;94;;Старобельский филиал Луганского государственного педагогического университета
6896de16-914c-4808-9186-e8137643f7f7;10753;1379;Стаханов;94;;Стахановский инженерно-педагогический институт филиал Луганского государственного университета имени Владимира Даля
